,candidate,pact,party,district,votes,percentage
0,NINO BALTOLU RASERA,ChP+,UDI,1,2997,0.037251563024374476
1,DIEGO BULNES VALDES,ChP+,EVO,1,1811,0.022510036915963358
2,DIEGO PACO MAMANI,ChP+,RN,1,6752,0.0839247759561483
3,ENRIQUE LEE FLORES,ChP+,PRI,1,7320,0.09098479857805178
4,RAYKO ALEJANDRO KARMELIC PAVLOV,PDG,PDG,1,3831,0.047617863845972185
5,CAMILA FERNANDA AGUILAR TORRES,PDG,PDG,1,3244,0.040321678495519125
6,GONZALO DANIEL CAMPUSANO YAÑEZ,PDG,PDG,1,2021,0.02512025654730091
7,BENEDICTA ISABEL RODRIGUEZ RUBIO,PDG,PDG,1,693,0.008613724783413918
8,CAMILO MARTIN JOFRE CAÑIPA,PTR,PTR,1,703,0.008738020956334755
9,VALENTINA PAZ ALBARRACIN GONZALEZ,PTR,PTR,1,694,0.008626154400706002
10,VLADO MIROSEVIC VERDUGO,NPS,PL,1,16819,0.20905373323555368
11,LUIS FABIAN MALLA VALENZUELA,NPS,PL,1,2689,0.03342324089841274
12,LUIS ROCAFULL LOPEZ,NPS,PS,1,3929,0.04883596634059637
13,GLADYS ACUÑA ROSALES,NPS,PS,1,5181,0.06439784719028502
14,JUAN JACOBO TANCARA CHAMBE,DA,PH,1,931,0.01157197369892981
15,DELIA NORMA CONDORI FLORES,DA,PH,1,916,0.011385529439548556
16,MARCELO ANDRES ZARA PIZARRO,FSC,PLR,1,6349,0.07891564018743863
17,KARLA KEPEC ALVAREZ,FSC,PLR,1,3845,0.04779187848806135
18,FIDEL OSCAR ARENAS PIZARRO,FSC,PLR,1,1912,0.0237654282624638
19,RICARDO SANZANA OTEIZA,AD,FREVS,1,3326,0.04134090711346998
20,SILVIA JOCELYN MUÑOZ DONOSO,AD,COM,1,848,0.010540315463686873
21,PALOMA CAMILA MARGOTT TAPIA BARRIOS,AD,PC,1,3096,0.03848209513629075
22,FABIAN ANDRES ABURTO ABURTO,NT,NT,1,546,0.006786571041477633
23,RENZO TRISOTTI MARTINEZ,ChP+,UDI,2,11100,0.11085920880481788
24,ERICA PANIAGUA HERBAS,ChP+,PRI,2,1196,0.011944830065816413
25,KAREN ROSE HEYNE BOLADOS,ChP+,EVO,2,1447,0.014451646409060492
26,RAMON ERNESTO GALLEGUILLOS CASTILLO,ChP+,RN,2,10007,0.0999430722981813
27,CARLOS ALBERTO MELLA LATORRE,PDG,PDG,2,4037,0.040318795130184666
28,MARIO HERNAN ROJAS CARRASCO,PDG,PDG,2,3611,0.03606419846794571
29,DENISSE CAROLINA GALLEGOS CASTRO,PDG,PDG,2,8075,0.08064757757647788
30,MARCO PEREZ BARRIA,NPS,PPD,2,6724,0.06715471351383742
31,DANISA ASTUDILLO PEIRETTI,NPS,PS,2,7582,0.0757238307349666
32,EVA TERESA PORTALES PIÑONES,NPS,PDC,2,1623,0.01620941404416391
33,CAROLINA INES GONZALEZ VELASQUEZ,DA,PH,2,1492,0.01490107563394489
34,LUIS FELIPE GARCIA MERINO,DA,PH,2,402,0.004014901075633945
35,LEONARDO DANTE SOLARI ALCOTA,FSC,PLR,2,9916,0.09903422653230397
36,CARLOS ALFONSO ARELLANO GAJARDO,FSC,PLR,2,2020,0.020174378539255147
37,MINERVA BEATRIZ CAMPODONICO SALUZZI,FSC,PLR,2,1586,0.015839883348147853
38,CYNTHIA LESLIE KAREN BROUDISSOND ARAYA,FSC,PLR,2,1312,0.013103358734407303
39,MATIAS FELIPE RAMIREZ PASCAL,AD,PC,2,9897,0.09884446752624167
40,ALEJANDRA MARJORIE CEBALLOS ROJAS,AD,COM,2,3946,0.03940994936430733
41,ENZO MORALES NORAMBUENA,AD,FREVS,2,7579,0.07569386878664097
42,CAMILA PAZ CASTILLO GUERRERO,AD,RD,2,5112,0.051055159946867476
43,JANET VIOLETA ORDENES GUERRA,NT,NT,2,1463,0.014611443466797167
44,JOSE MIGUEL CASTRO BASCUÑAN,ChP+,RN,3,8542,0.04690133807727575
45,LEDY OSANDON FERRER,ChP+,RN,3,6258,0.034360638455583195
46,ROSSANA DIAZ CORRO,ChP+,UDI,3,4560,0.025037473850664647
47,LUIS GARRIDO AMPUERO,ChP+,UDI,3,3117,0.0171144311387109
48,YANTIEL CALDERON VALENZUELA,ChP+,EVO,3,1711,0.0093945433680893
49,SACHA RAZMILIC BURGOS,ChP+,EVO,3,9276,0.05093149285937835
50,YOVANA ALEJANDRA AHUMADA PALMA,PDG,PDG,3,11892,0.06529509627897016
51,NARGARET VIKI CRISTI CARIAGA,PDG,PDG,3,5008,0.027497295843010645
52,CESAR ANTONIO ROJAS TORO,PDG,PDG,3,9348,0.05132682139386253
53,YERKO ALEXIS CORTES ROJAS,PDG,PDG,3,4731,0.02597637912006457
54,OMAR PAUL HEINER REESE ERICES,PDG,PDG,3,2805,0.015401340822612792
55,LESTER PATRICIO CALDERON HERNANDEZ,PTR,PTR,3,3239,0.01778429337769798
56,KARLA JACQUELINE PERALTA DIAZ,PTR,PTR,3,941,0.0051667243187446124
57,DANIEL ANDRES VARGAS DOWNING,PTR,PTR,3,1959,0.010756230542423693
58,NATHALY PAZ FLORES TORRES,PTR,PTR,3,666,0.0036567889439786524
59,NESTOR LUIS VERA ROJAS,PTR,PTR,3,1097,0.006023269476793666
60,DANIELA BEATRIZ AVILES HONORES,PTR,PTR,3,740,0.004063098826642947
61,CLAUDIA MARCELA ARDILES TAGLE,NPS,PR,3,3025,0.01660928912242556
62,CELIE RENEE ARAYA ESCOBAR,NPS,CIU,3,1346,0.007390447325218117
63,ARTURO MOLINA HENRIQUEZ,NPS,PDC,3,7635,0.04192129667759311
64,SEBASTIAN PATRICIO VIDELA CASTILLO,NPS,PL,3,12266,0.06734860838865188
65,JAIME ARAYA GUERRERO,NPS,PPD,3,11645,0.06393889977872583
66,PAULA NIEVAS SILVA,NPS,PS,3,1479,0.008120706979195836
67,YESEBEL CASTILLO PANIAGUA,DA,PI,3,1203,0.006605280930339818
68,SERGIO LUIS CUBILLOS VERASAY,DA,PI,3,1547,0.008494072817319783
69,NAYARIT ARTEAGA VALENZUELA,DA,PI,3,1312,0.007203764406156144
70,PEDRO LUIS LUQUE ARANCIBIA,DA,PH,3,867,0.004760414436080318
71,ELIANA DE LOURDES ROJAS BUGUEÑO,DA,PH,3,694,0.0038105278185002773
72,MARCELA RUZ ANDRADE,FSC,PLR,3,6744,0.0370291060633514
73,VITTORIO VALDES CORON,FSC,PLR,3,2034,0.011168031099178046
74,RITA MARIA HOJAS ESCRICH,FSC,PLR,3,1211,0.006649206323060282
75,ROSSE-MARY RAND CONTRERAS,FSC,PLR,3,919,0.005045929488763336
76,MACARENA ALEJANDRA PIZARRO VILLARROEL,FSC,PLR,3,1153,0.006330747225836916
77,ROGELIA FRANCISCA CONTRERAS LIJERON,FSC,PLR,3,1038,0.0056993197054802415
78,CATALINA PEREZ SALINAS,AD,RD,3,13235,0.07266907158191811
79,VIANNEY PAOLA SIERRALTA ARACENA,AD,RD,3,4491,0.024658617338450643
80,JACQUELINE AVILA VILCA,AD,FREVS,3,3145,0.017268170013232526
81,FERNANDO SAN ROMAN BASCUÑAN,AD,FREVS,3,4574,0.02511434328792546
82,MARIA ANGELICA OJEDA GONZALEZ,AD,PC,3,4892,0.026860377648563916
83,PABLO ANDRES IRIARTE RAMIREZ,AD,PC,3,5810,0.03190081646323719
84,JUAN PAULO BASTERRECHEA MADRID,NT,NT,3,1334,0.007324559236137421
85,ELIA JACQUELINE ROMERO OLAVE,NT,NT,3,603,0.003310876476304996
86,HUGO ORLANDO MORALES SILVA,NT,NT,3,457,0.0025092380591565226
87,ZARINA EDELMIRA GUAMAN OSORIO,IU,CU,3,1645,0.00903215887814547
88,MARIELA ALEJANDRA QUISPE SANCHEZ,IU,CU,3,2281,0.01252422759942238
89,OSVALDO FRANCISCO SOTGIU QUIJADA,IU,CU,3,1012,0.005556562179138733
90,FELIPE IGNACIO ARAYA PEREZ,IU,CU,3,1882,0.010333448637489225
91,JAVIER CLAUDIO DAVID OLIVA BERMEDO,IU,CU,3,826,0.0045352967983879385
92,FRANCISCO DANIEL GALLARDO CORTES,IU,CU,3,1801,0.009888704036194523
93,JANETT SHIRLEY GUERRA ABURTO,PRO,PRO,3,2131,0.011700626485913676
94,SOFIA SLOVENA CID VERSALOVIC,ChP+,RN,4,5040,0.0533259974818279
95,RAUL GONZALO ARDILES RAMIREZ,ChP+,RN,4,1558,0.016484504777120608
96,MANUEL ALEJANDRO CORRALES GONZALEZ,ChP+,PRI,4,864,0.009141599568313353
97,CAROLINA GONZALEZ HERNANDEZ,ChP+,PRI,4,985,0.01042184673007946
98,CARLA GUAITA CARRIZO,ChP+,UDI,4,1761,0.01863235745347201
99,NICOLAS NOMAN GARRIDO,ChP+,UDI,4,4792,0.050702019827960174
100,PAULA ANDREA OLMOS CONTRERAS,PDG,PDG,4,4365,0.04618412281908309
101,NILSA ELCIRA GUZMAN PALMA,PDG,PDG,4,1188,0.012569699406430861
102,CRISTIAN MAURICIO CUSTA SAPIAINS,PDG,PDG,4,1499,0.015860252028821433
103,ALEX FARIAS PEREZ,PDG,PDG,4,1226,0.012971760498555755
104,JEAN PIERRE VARAS DELGADO,PDG,PDG,4,783,0.008284574608783978
105,DANIELLA CICARDINI MILLA,NPS,PS,4,16129,0.1706537724969052
106,JUAN SANTANA CASTILLO,NPS,PS,4,13497,0.14280575158972839
107,CRISTIAN HERNANDO TAPIA RAMOS,NPS,PPD,4,6349,0.06717594405002486
108,CESAR ESTEBAN GONZALEZ PIZARRO,NPS,PR,4,1306,0.013818204903029213
109,GABRIELA DEL CARMEN MANCILLA MATELUNA,NPS,PDC,4,589,0.00623194692793584
110,PAMELA VARGAS TOLEDO,PEV,PEV,4,1938,0.020505115698369537
111,RODRIGO PEREZ LISICIC,PEV,PEV,4,1080,0.011426999460391692
112,MARTA FREZ AVILA,PEV,PEV,4,379,0.00401003036619301
113,JOEL MOYA MORALES,PEV,PEV,4,274,0.002899072085321596
114,JACQUELINE QUINTANA MUÑOZ,PEV,PEV,4,348,0.0036820331594595453
115,LUIS ALBERTO ACUÑA CASTILLO,DA,PI,4,960,0.010157332853681504
116,MARIANA ANDREA PIÑONES HIDALGO,DA,PI,4,525,0.005554791404357073
117,MAURICIO DAVID RIOS NAVARRETE,DA,PI,4,675,0.007141874662744807
118,YENIFER ALEJANDRA CARRASCO TORRES,DA,PH,4,443,0.004687185889771777
119,ODEL DAVID SOTO SHEE,DA,PH,4,86,0.0009099277348089681
120,JUAN FRANCISCO FRITIS CARRIZO,FSC,PLR,4,1981,0.02096007956577402
121,DALVA DE LOS ANGELES CEPEDA CASTRO,FSC,PLR,4,650,0.006877360786346852
122,JONATHAN GOMEZ ROJAS,FSC,PLR,4,581,0.0061473024874884935
123,ENRIQUE ALEXANDER ALMEIDA MERCADO,FSC,PLR,4,746,0.007893094071715002
124,GONZALO HERIBERTO TAMBLAY TAPIA,FSC,PLR,4,931,0.009850496757059875
125,FRESIA MARIA SEPULVEDA HANCKES,FSC,PLR,4,792,0.00837979960428724
126,JAIME MULET MARTINEZ,AD,FREVS,4,8077,0.08545914318665157
127,LUIS MARCOS PEREZ,AD,FREVS,4,596,0.006306010813327267
128,LAUTARO CESAR CARMONA SOTO,AD,PC,4,4211,0.04455471734047168
129,MAKARENA ISABEL ARIAS VARGAS,AD,PC,4,1402,0.014833938188397363
130,INTI ELEODORO SALAMANCA FERNANDEZ,AD,COM,4,5465,0.05782273338059315
131,NATHALIE ANDREA MERY CERICHE,AD,COM,4,442,0.0046766053347158595
132,JUAN MANUEL FUENZALIDA COBO,ChP+,UDI,5,9220,0.038932358194585785
133,MARCO ANTONIO SULANTAY OLIVARES,ChP+,UDI,5,18248,0.07705397747665958
134,ANDREA GUZMAN HERRERA,ChP+,UDI,5,2539,0.010721177598270423
135,VICTOR HUGO CASTAÑEDA VARGAS,ChP+,UDI,5,9137,0.038581882518864456
136,VINKA ESTEFANIA PUSICH CAMACHO,ChP+,RN,5,4303,0.018169841356974255
137,FRANCISCO DE BORJA EGUIGUREN CORREA,ChP+,RN,5,3574,0.015091567048530324
138,GONZALO ANDRES CHACON LARRAIN,ChP+,RN,5,4792,0.02023469202477821
139,EUGENIO SAMUEL DARRIGRANDE PIZARRO,ChP+,RN,5,3114,0.013149171737303702
140,VICTOR ALEJANDRO PINO FUENTES,PDG,PDG,5,9275,0.039164601112232446
141,INGRID PATRICIA MARIN RAMOS,PDG,PDG,5,6930,0.029262607623479337
142,MARJORIE LISSETTE ARAYA ROBLES,PDG,PDG,5,6749,0.028498317294496686
143,CAROLINA ANDREA DOWNEY DIAZ,PDG,PDG,5,5832,0.024626194467551443
144,RICARDO CIFUENTES LILLO,NPS,PDC,5,11439,0.048302304272002904
145,PABLO YAÑEZ PIZARRO,NPS,PDC,5,10638,0.04492000287136698
146,CLARA OLIVARES ARAYA,NPS,PS,5,2736,0.011553029503295738
147,DANIEL MANOUCHEHRI MOGHADAM KASHAN LOBOS,NPS,PS,5,12292,0.05190418079477749
148,GABRIELA CALDERON ALVAREZ,NPS,PR,5,1540,0.0065028016941065196
149,ALONSO ALEJANDRO MUÑOZ PEREZ,NPS,PR,5,1114,0.00470397473197056
150,RODRIGO BRAVO VALENZUELA,NPS,PPD,5,2179,0.009201042137310458
151,MARIA PAZ ROJAS ORREGO,NPS,PPD,5,5641,0.023819678153542127
152,TIRSO GONZALEZ ALQUINTA,PEV,PEV,5,2554,0.010784516575810423
153,CLAUDIA VALENZUELA TORRES,PEV,PEV,5,4790,0.020226246827772874
154,DANIEL LEIVA CORONEL,PEV,PEV,5,1972,0.008326964247258479
155,CAROLINA MARTINEZ SANTELICES,PEV,PEV,5,2901,0.012249758256235723
156,BRIDIT ULLOA ESPINOZA,PEV,PEV,5,923,0.003897458417961245
157,SUSANA CARMEN LOPEZ DELGADO,DA,PH,5,2614,0.011037872485970417
158,GONZALO FELIPE GARCIA-HUIDOBRO SEVERIN,DA,PH,5,767,0.00323873305154526
159,PILAR NUÑEZ SEGOVIA,DA,PI,5,1986,0.00838608062629581
160,JUAN ALEJANDRO TIRADO BARRERA,DA,PI,5,1754,0.007406437773677166
161,SUSANA MARIBEL PONCE MOLLO,DA,PI,5,1036,0.004374612048762568
162,CRISTIAN EDUARDO MONREAL CORTES,DA,PI,5,1185,0.0050037792256598865
163,FRANCISCO NICOLAS JAIME ROJAS,DA,PI,5,637,0.002689795246198606
164,ANDRES EDUARDO GUERRA VEGA,FSC,PLR,5,5879,0.02482465659717677
165,MYRIAM BENITEZ JOFRE,FSC,PLR,5,3236,0.013664328754629024
166,ERIKA THAMARA PUGA SOTO,FSC,PLR,5,2375,0.010028671443833107
167,RONALD ESTEBAN BRANDT SILVA,FSC,PLR,5,2897,0.012232867862225057
168,DAVID EDUARDO WELLMANN BUSTAMANTE,FSC,PLR,5,1676,0.007077075090469173
169,CHRISTIAN LEOPOLDO AGUIRRE BASULTO,FSC,PLR,5,2164,0.00913770315977046
170,NATHALIE CASTILLO ROJAS,AD,PC,5,12304,0.05195485197680949
171,CAROLINA TELLO ROJAS,AD,PC,5,12231,0.051646602286114826
172,FELIPE JAVIER CARCAMO MORENO,AD,CS,5,8008,0.0338145688093539
173,CLAUDIA PATRICIA AVALOS ROBLERO,AD,CS,5,3609,0.015239357996123654
174,ALEX FERNANDO GARRIDO TAPIA,AD,COM,5,2275,0.009606411593566448
175,JOCELYN ALEJANDRA BURGOS FLORES,AD,COM,5,2430,0.010260914361479767
176,CARLOS THENOUX CIUDAD,AD,FREVS,5,4146,0.017506893392055602
177,RICARDO VITALY LEDEZMA JIMENEZ,AD,FREVS,5,4568,0.019288829960180897
178,MARIA LORETO RETAMAL GRIMBERG,IU,CU,5,2407,0.010163794595918436
179,ALEJANDRA ESTER MUÑOZ ORELLANA,IU,CU,5,2336,0.00986399010222911
180,BEATRICE IRINA ONFRAY LECREC,IU,CU,5,706,0.0029811545428825993
181,MAXIMO RODRIGO LEMUS OLIVARES,IU,CU,5,2190,0.009247490720839791
182,CRISTOPHER ENRIQUE SUAZO BENAVIDES,IU,CU,5,693,0.002926260762347934
183,RENE VICENTE ROMERO PASTEN,IU,CU,5,1001,0.0042268211011692374
184,FANNY CAROLINA KEYER QUIROZ,IU,CU,5,1317,0.005561162228011874
185,TAMARA CASADO VERGARA,PRO,PRO,5,3962,0.016729935267564954
186,LUIS RAFAEL PARDO SAINZ,ChP+,RN,6,15552,0.04376764200140151
187,CAMILA ALEJANDRA FLORES OPORTO,ChP+,RN,6,16480,0.04637929142123823
188,ANDRES LONGTON HERRERA,ChP+,RN,6,29169,0.08208965724915641
189,MARIA VIOLETA SILVA CAJAS,ChP+,RN,6,3328,0.009365915160793738
190,BENJAMIN LORCA INZUNZA,ChP+,UDI,6,3803,0.010702696922024817
191,MARIA ESTER MUNNIER SOTO,ChP+,UDI,6,2031,0.005715797383284881
192,LUIS EDUARDO CANTELLANO AMPUERO,ChP+,UDI,6,1349,0.00379646020189626
193,RAUL FUHRER SANCHEZ,ChP+,UDI,6,1486,0.004182016204609224
194,TOMAS HOFFMANN OPAZO,ChP+,UDI,6,5042,0.01418958661079388
195,GASPAR ALBERTO RIVAS SANCHEZ,PDG,PDG,6,14851,0.04179483354956365
196,KATHERINE MURIEL ALARCON GIADACH,PDG,PDG,6,5482,0.015427868663302667
197,DANIELA FRANCISCA VILLARROEL MUÑOZ,PDG,PDG,6,4977,0.014006658580309627
198,CLAUDIO FRANCISCO RIVAS CARRASCO,PDG,PDG,6,2760,0.007767405602100577
199,RICARDO ENRIQUE BRITO GALARCE,PDG,PDG,6,2519,0.007089164750612809
200,GABRIELA ANDREA ALVAREZ DIAZ,PDG,PDG,6,3866,0.010879996397724937
201,MAURICIO RENE OYARCE VERA,PDG,PDG,6,3306,0.0093040010581683
202,MANUEL RODRIGO CATALAN REYES,PDG,PDG,6,1594,0.00448595816295229
203,MACARENA FABIOLA BECKER GONZALEZ,PDG,PDG,6,3742,0.010531026001108825
204,EWALD ENRIQUE MEYER MONSALVE,PTR,PTR,6,4102,0.01154416586225238
205,DANIEL VERDESSI BELEMMI,NPS,PDC,6,10673,0.030036782605514296
206,PRISCILA CORSI CACERES,NPS,PDC,6,3388,0.009534771804317664
207,CAROLINA MARZAN PINTO,NPS,PPD,6,33613,0.09459630597949517
208,JORGE LOPEZ PINO,NPS,PPD,6,2157,0.006070396334685125
209,LUCIANO VALLE ACEVEDO,NPS,PS,6,3922,0.011037595931680601
210,NELSON VENEGAS SALAZAR,NPS,PS,6,25452,0.07162898818284923
211,FRANCISCA LORETO ARANGUIZ VERGARA,NPS,PL,6,934,0.0026285350841891084
212,BERTA DEL CARMEN DE LA FUENTE VALENZUELA,NPS,PR,6,582,0.0016379094421820782
213,MARCELO DAVID MERINO VERGARA,NPS,PR,6,838,0.002358364454550827
214,LUIS HUMBERTO ARAVENA EGAÑA,UPA,UPA,6,1626,0.004576015039498383
215,CAROLINA BEATRIZ CABELLO VALENZUELA,UPA,UPA,6,1554,0.004373387067269673
216,CHRISTOPHER ANTTONIO OLIVARES OLIVARES,UPA,UPA,6,760,0.002138850817969724
217,VERONICA ANDREA SOTOMAYOR PEREZ,UPA,UPA,6,1174,0.0033039616582848106
218,ROBERTO ANTONIO MANZANO PEREZ,UPA,UPA,6,663,0.0018658659109393777
219,EDITH PAOLA ESTAY OLGUIN,UPA,UPA,6,644,0.0018123946404901346
220,CHRISTOPHER RODOLFO VERGARA GARCIA,UPA,UPA,6,355,0.0009990684741832264
221,GISELLA DANITZA CORTES GUZMAN,UPA,UPA,6,321,0.0009033830428530019
222,FRANCISCO JAVIER ARIAS TERUEL,UPA,UPA,6,507,0.001426838637777171
223,RICARDO GEORGES CID,DA,PH,6,1689,0.004753314515198505
224,ANA GALLARDO CARRASCO,DA,PH,6,1344,0.0037823888149359328
225,CLAUDIO IVAN GALARCE GONZALEZ,DA,PH,6,861,0.002423092834568332
226,ANDREA PATRICIA ARAYA TORO,DA,PH,6,2410,0.006782408514877677
227,YAZMIN LETICIA LORCA BENAVIDES,DA,PI,6,1882,0.005296470051867132
228,VICTOR EDUARDO IBACACHE ESTAY,DA,PI,6,1264,0.003557246623570699
229,LEO TULLERES CABRERA,DA,PI,6,537,0.001511266959539134
230,CLAUDIO POBLETE DURAN,DA,PI,6,817,0.0022992646293174533
231,CHIARA BARCHIESI CHAVEZ,FSC,PLR,6,24614,0.0692706237282984
232,DAN HORMACHEA DE LA ROZA,FSC,PLR,6,1758,0.004947499655251019
233,SUSAN ESCOBAR GATICA,FSC,PLR,6,3304,0.009298372503384169
234,GABRIEL ESTEBAN BELTRAMI WOELKAR,FSC,PLR,6,2245,0.006318052745186882
235,IRENE ANDREA LJUBETIC VILLANUEVA,FSC,PLR,6,1396,0.003928731239323335
236,MANUEL ANTONIO LOPEZ MIRANDA,FSC,PLR,6,1450,0.004080702218494868
237,NUBIA LORENA VIVANCO ILLANES,FSC,PLR,6,3549,0.009987870464440197
238,GUSTAVO BERTELSEN MAYOL,FSC,PLR,6,888,0.0024990783241540986
239,PEDRO NOLASCO VALENZUELA PIFFAUT,FSC,PLR,6,580,0.0016322808873979473
240,DIEGO EDUARDO IBAÑEZ COTRONEO,AD,CS,6,34425,0.0968814992218523
241,MARIA FRANCISCA BELLO CAMPOS,AD,CS,6,8741,0.02459959868404389
242,SOFIA ALEJANDRA GONZALEZ CORTES,AD,PC,6,12320,0.03467189747024605
243,CRISTIAN ALEJANDRO LUNA SALINAS,AD,PC,6,3980,0.011200824020420396
244,MATIAS GABRIEL GAZMURI KRUBERG,AD,COM,6,2485,0.006993479319282584
245,FRANCISCA OGALDE VEGA,AD,FREVS,6,3212,0.009039458983314149
246,LORENA CECILIA DONAIRE CATALDO,AD,RD,6,10058,0.02830600200939406
247,CARLOS ROBERTO LEZAETA CABRERA,AD,RD,6,2282,0.006422181008693303
248,DIANA NICOL MADARIAGA FERNANDEZ,IU,CU,6,4416,0.012427848963360922
249,EALEEN CHRISWORT FOX MARSHALL,IU,CU,6,1354,0.0038105315888565874
250,MAXIMILIANO ROBERTO ARREPOL COLLANTE,IU,CU,6,1516,0.0042664445263711865
251,PEDRO ANTONIO DE JESUS LEAL VERGARA,IU,CU,6,1262,0.003551618068786568
252,MARCOS HECTOR NAVARRETE GUERIN,IU,CU,6,868,0.00244279277631279
253,JUAN GUILLERMO DIAZ BUSTAMANTE,IU,CU,6,2023,0.005693283164148358
254,ORLANDO ARTURO SEGOVIA CACERES,IU,CU,6,1199,0.003374318593086446
255,ANDRES CELIS MONTT,ChP+,RN,7,18978,0.05322257682751039
256,EVELYN ROXANA MANSILLA MUÑOZ,ChP+,RN,7,5001,0.014024981911391055
257,CARMEN PATRICIA IBAÑEZ SOTO,ChP+,RN,7,7622,0.021375407344255675
258,MARIA DE LOS ANGELES DE LA PAZ RIVEROS,ChP+,EVO,7,5194,0.014566237961960637
259,TAREK GIACAMAN MAHANA,ChP+,EVO,7,13157,0.036897957810072414
260,HOTUITI TEAO DRAGO,ChP+,EVO,7,16058,0.0450336251815872
261,MARIA ANGELICA SILVA TRONCOSO,ChP+,UDI,7,3091,0.008668510115598832
262,JORGE CASTRO MUÑOZ,ChP+,UDI,7,8722,0.024460286388952767
263,JUAN PABLO RODRIGUEZ OYARZUN,ChP+,UDI,7,8863,0.024855711793773032
264,RODRIGO ANDRES VATTUONE GARCES,PDG,PDG,7,7750,0.02173437508763861
265,JORGE LUIS PASSADORE SOTO,PDG,PDG,7,1689,0.004736691551357627
266,JUAN MARCELO VALENZUELA HENRIQUEZ,PDG,PDG,7,7208,0.020214371049251497
267,BARBARA ANDREA VERA SEPULVEDA,PDG,PDG,7,3921,0.010996191576597546
268,DELIA ALICIA PARDO ARANEDA,PDG,PDG,7,1692,0.0047451048578431645
269,FABIOLA ROSA MATURANA VIELMA,PDG,PDG,7,2221,0.006228651234792949
270,ADOLFO ANDRES ESTRADA ALDONEY,PDG,PDG,7,1113,0.0031213367061344224
271,MARCELA JOVINA TORRECILLA HENRIQUEZ,PDG,PDG,7,1620,0.004543185502190264
272,ESTEBAN ALBERTO ASTUDILLO HENRIQUEZ,PDG,PDG,7,2000,0.005608870990358351
273,ANTONIO ALEJANDRO PAEZ AGUILAR,PTR,PTR,7,1361,0.003816836708938858
274,NATALI ANDREA HINOJOSA SERRANO,PTR,PTR,7,1440,0.004038387113058013
275,LYAM ANDRES RIVEROS DIAZ,PTR,PTR,7,627,0.001758381055477343
276,CATHERINE VALEZKA FUENTES URRA,PTR,PTR,7,983,0.0027567600917611295
277,GUSTAVO CARLOS BURGOS VELASQUEZ,PTR,PTR,7,1035,0.0029025907375104464
278,DENIS RENZO ARIEL BARRIA GONZALEZ,PTR,PTR,7,1246,0.0034943266269932523
279,SUSANA CALDERON ROMERO,NPS,PS,7,3928,0.0110158226250638
280,TOMAS DE REMENTERIA VENEGAS,NPS,PS,7,5817,0.016313401275457263
281,PEDRO HUICHALAF ROA,NPS,PPD,7,2315,0.006492268171339791
282,JUAN PABLO ALARCON QUINTEROS,NPS,PPD,7,4539,0.012729332712618276
283,PAZ ANASTASIADIS LE ROY,NPS,PDC,7,4334,0.012154423436106546
284,ESTEBAN VEGA TORO,NPS,PDC,7,4543,0.012740550454598994
285,TOMAS IGNACIO LAGOMARSINO GUZMAN,NPS,PR,7,26379,0.07397820392733147
286,LESLIE SANCHEZ LOBOS,NPS,PL,7,1432,0.004015951629096579
287,RAMON YUC-LIONG KONG GONZALEZ,NPS,PL,7,5897,0.0165377561150716
288,JORGE RAUL ESTAY OLGUIN,UPA,UPA,7,2296,0.0064389838969313865
289,IGNACIA IRUNE ABARZUA RAMIREZ,UPA,UPA,7,701,0.001965909282120602
290,EDUARDO EUGENIO SALGADO REYES,UPA,UPA,7,641,0.0017976431524098515
291,BEATRIZ GABRIELA LEONOR ANGELICA OLIVARES VELASCO,UPA,UPA,7,1272,0.003567241949867911
292,IVAN MARCELO ARTEAGA FUENTES,UPA,UPA,7,639,0.001792034281419493
293,CLARISA DE LAS MERCEDES RIOS INOSTROZA,UPA,UPA,7,498,0.0013966088765992293
294,RAUL ROMAN CAMPOS,UPA,UPA,7,366,0.0010264233912355783
295,MARCIA LORENA TAPIA NAVIA,UPA,UPA,7,469,0.0013152802472390333
296,PABLO VALENTIN RECABAL MATURANA,UPA,UPA,7,230,0.0006450201638912103
297,FREDERICK SOTO PONCE,DA,PI,7,1663,0.004663776228482968
298,CLAUDIO ANTONIO SEPULVEDA YOUNG,DA,PI,7,1290,0.0036177217887811363
299,JESSICA MARCELA GARCIA PHILLIPS,DA,PI,7,1525,0.004276764130148243
300,ANDREA ALEJANDRA ESTAY CAAMAÑO,DA,PI,7,1531,0.004293590743119318
301,CARLA NATALIA ALLENDES SOZA,DA,PI,7,2431,0.006817582688780575
302,JANYN ESTEFANIA ARANEDA VASQUEZ,DA,PH,7,1048,0.002939048398947776
303,ALEJANDRO IVAN ESCOBAR LOBOS,DA,PH,7,3150,0.008833971809814403
304,MARCO ANTONIO BRAUCHY CASTILLO,DA,PH,7,1226,0.003438237917089669
305,LUIS FERNANDO SANCHEZ OSSA,FSC,PLR,7,16376,0.045925435669054174
306,FRANCISCO CLAVEL DIAZ,FSC,PLR,7,4626,0.012973318600698865
307,MARIA PAULINA MAYO DE GOYENECHE,FSC,PLR,7,4883,0.013694058522959913
308,LESLIE MANUEL THORNTON ABOITIZ,FSC,PLR,7,1870,0.005244294375985058
309,JORGE DAVID PARRA ACUÑA,FSC,PLR,7,2611,0.007322381077912827
310,MARIA SOLEDAD HURTADO ARELLANO,FSC,PLR,7,2619,0.00734481656187426
311,PAUL ALEXANDER SFEIR RUBIO,FSC,PLR,7,9007,0.02525955050507883
312,JAIME ALFREDO PERRY JUNGK,FSC,PLR,7,4822,0.013522987957753984
313,BARBARA PAVEZ GARCIA,FSC,PLR,7,1338,0.0037523346925497367
314,JORGE BRITO HASBUN,AD,RD,7,23603,0.06619309099271407
315,MABEL LUCILA ZUÑIGA VALENCIA,AD,RD,7,7750,0.02173437508763861
316,CAMILA RUZLAY ROJAS VALDERRAMA,AD,COM,7,17798,0.04991334294319896
317,CONSTANZA FLORENCIA VALDES CONTRERAS,AD,COM,7,7322,0.02053407669570192
318,PAULA ARRIAGADA ORTIZ,AD,FREVS,7,6002,0.016832221842065412
319,LUIS ALBERTO CUELLO PEÑA Y LILLO,AD,PC,7,13342,0.03741677837668056
320,OSCAR AROCA CONTRERAS,AD,PC,7,4340,0.012171250049077622
321,PABLO ALEJANDRO DONOSO CHRISTIE,AD,CS,7,4867,0.013649187555037046
322,ROMINA ANDREA MARAGAÑO SCHMIDT,AD,CS,7,6639,0.018618647252494545
323,VANESSA FERRER RADOVICH,IU,CU,7,6857,0.019230014190443605
324,GABRIEL ESTEBAN RAMOS NUÑEZ,IU,CU,7,2554,0.007162528254687614
325,LUIS HERNAN SOTO POBLETE,IU,CU,7,2399,0.006727840752934842
326,NICOLAS FELIPE ARANCIBIA COLLAO,IU,CU,7,2201,0.006172562524889365
327,JOAQUIN LAVIN LEON,ChP+,UDI,8,33067,0.0759560255797714
328,CRISTIAN LABBE MARTINEZ,ChP+,UDI,8,11787,0.02707514057848506
329,CATALINA OLAVARRIA NELSON,ChP+,UDI,8,8330,0.019134293799845638
330,ANGELICA TERESA FLORES RODRIGUEZ,ChP+,EVO,8,3667,0.008423223933257378
331,FRANK ALMENDARES MULLER,ChP+,EVO,8,6257,0.014372542173545519
332,DIEGO FERNANDO BRAVO MORALES,ChP+,EVO,8,3086,0.007088647138814363
333,CAMILO MORAN BAHAMONDES,ChP+,RN,8,6727,0.015452148186261899
334,ALEJANDRA SEPULVEDA TORRES,ChP+,RN,8,7291,0.016747675401521556
335,CHRISTIAN OMAR PINO LANATA,ChP+,RN,8,6665,0.015309732073946121
336,RUBEN DARIO OYARZO FIGUEROA,PDG,PDG,8,6953,0.015971277885993604
337,LUCY DEL CARMEN MUÑOZ MARTICORENA,PDG,PDG,8,4661,0.010706475798449043
338,VICTOR HUGO ANTIL CAYUQUEO,PDG,PDG,8,5797,0.01331590650152523
339,BARBARA MARLENE GONZALEZ CONTRERAS,PDG,PDG,8,5478,0.012583152633319857
340,CRISTOBAL IGNACIO MATAMALA HENRIQUEZ,PDG,PDG,8,4307,0.009893325737807343
341,ORLANDO CHRISTIAN MACHEFERT INOSTROZA,PDG,PDG,8,2043,0.004692840604211841
342,LEYLA MASSIEL JARA LOPEZ,PDG,PDG,8,3133,0.007196607740086001
343,GERMAN GABRIEL DELGADO AYALA,PDG,PDG,8,2501,0.005744882208092911
344,ROXANA DEL CARMEN JARA ROMERO,PDG,PDG,8,4397,0.010100058804072182
345,JAVIERA CONSTANZA MARQUEZ BASUALTO,PTR,PTR,8,2151,0.004940920283729648
346,GABRIEL ALFONSO MUÑOZ CARRILLO,PTR,PTR,8,1109,0.0025474107831967366
347,BEATRIZ ALEJANDRA BRAVO VACA,PTR,PTR,8,1595,0.003663769341026866
348,SEBASTIAN ALEXIS AVILES TAPIA,PTR,PTR,8,1158,0.002659965452607593
349,CARLOS FLORES NAVARRETE,NPS,PR,8,1764,0.004051968098790841
350,ALBERTO UNDURRAGA VICUÑA,NPS,PDC,8,17158,0.03941251056635672
351,CLAUDIA ACEVEDO CORNEJO,NPS,PDC,8,5068,0.011641368664780036
352,PABLO VIDAL ROJAS,NPS,PL,8,10732,0.024651769635047227
353,CYNTHIA ANA VIVALLO CUEVAS,NPS,PL,8,1765,0.0040542651328604505
354,ERTO PANTOJA GUTIERREZ,NPS,PPD,8,4550,0.010451505016722408
355,MANUEL IBARRA MONDACA,NPS,PPD,8,3313,0.007610073872615679
356,ANGELICA CID VENEGAS,NPS,PS,8,7292,0.016749972435591166
357,MONICA SANCHEZ ACEITUNO,NPS,PS,8,3599,0.008267025616523944
358,VIVIANA DELGADO RIQUELME,PEV,PEV,8,20140,0.046262266161931714
359,RODRIGO MUÑOZ SOTO,PEV,PEV,8,4998,0.011480576279907383
360,CRISTINA FEMENIAS SALAS,PEV,PEV,8,5017,0.01152421992722996
361,WILSON GUTIERREZ GUTIERREZ,PEV,PEV,8,2812,0.006459259803741409
362,BARBARA ARANIBA VARGAS,PEV,PEV,8,6112,0.014039472233452166
363,ALEJANDRO AREVALO MIRANDA,PEV,PEV,8,1785,0.004100205814252637
364,PATRICIO VIVANCO CARRASCO,PEV,PEV,8,2322,0.005333713109632842
365,ROXANA DEL PILAR MIRANDA MENESES,UPA,UPA,8,2991,0.006870428902201477
366,JOHANNA VALESKA ORTEGA LARRAÑAGA,UPA,UPA,8,827,0.001899647175566908
367,DANILO ANDRES RAMIREZ CORTES,UPA,UPA,8,987,0.0022671726267043993
368,MARIO ENRIQUE FAJARDO PEREZ,UPA,UPA,8,824,0.00189275607335808
369,MARISOL JACQUELINE LLANOS PRADO,UPA,UPA,8,656,0.0015068543496637142
370,MACARENA ANDREA PARRA PARRA,UPA,UPA,8,799,0.001835330221617847
371,JAVIER ANTONIO SANHUEZA PARRA,UPA,UPA,8,634,0.001456319600132309
372,CAMILA PAZ CACERES FUENTES,DA,PH,8,4905,0.011266952111433717
373,IGNACIO ALFREDO ALLENDE CORTEZ,DA,PH,8,1055,0.0024233709434378333
374,LEANDRO PATRICIO CORTEZ FRIAS,DA,PH,8,1208,0.0027748171560880593
375,MARIA TERESA ALVAREZ AGUILAR,DA,PH,8,1388,0.0031882832886177366
376,NOELIA ALEJANDRA SEGOVIA REYES,DA,PI,8,1737,0.003989948178911389
377,LISSETTE SOLANGE PONCE OLMEDO,DA,PI,8,2852,0.006551141166525782
378,JESSICA FABIOLA RUPAYAN PONCE,DA,PI,8,1691,0.0038842846117093607
379,MANUEL ENRIQUE MUÑOZ PALACIOS,DA,PI,8,588,0.0013506560329302805
380,LUIS EDUARDO SANTIBAÑEZ PEREZ,DA,PI,8,508,0.0011668933073615349
381,AGUSTIN MATIAS ROMERO LEIVA,FSC,PLR,8,17173,0.039446966077400863
382,LUZ JANETH ESPINAL MORENO,FSC,PLR,8,7501,0.017230052556139512
383,GABRIELA INES GALLARDO FUENTES,FSC,PLR,8,5116,0.011751626300121283
384,CECILIA SUSANA COLLAO CARVAJAL,FSC,PLR,8,4315,0.009911702010364218
385,CLAUDIO ROJAS DIAZ,FSC,PLR,8,3798,0.008724135396376198
386,JEAN PIERRE BONVALLET SETTI,FSC,PLR,8,5373,0.012341964056010879
387,DRAZEN ANDRE MARKUSOVIC CACERES,FSC,PLR,8,1531,0.0035167591605718695
388,JUAN CARLOS GOMEZ ESCOBAR,FSC,PLR,8,4774,0.010966040648314896
389,EDUARDO ALEXIS TOLEDO PINTO,FSC,PLR,8,1461,0.0033559667756992173
390,CLAUDIA NATHALIE MIX JIMENEZ,AD,COM,8,24375,0.055990205446727184
391,EDUARDO ALEJANDRO ACUÑA FUENTES,AD,COM,8,4597,0.010559465617994045
392,LIBERTAD ANGELA MENDEZ NUÑEZ,AD,COM,8,3599,0.008267025616523944
393,CARMEN ADELAIDA HERTZ CADIZ,AD,PC,8,48981,0.11251102576353413
394,FLORENCIA CONSTANZA LAGOS NEUMANN,AD,PC,8,7002,0.01608383255540446
395,JUAN PABLO CIUDAD PEREZ,AD,PC,8,6778,0.015569296923811975
396,ROCIO DEL PILAR FAUNDEZ GARCIA,AD,RD,8,12759,0.02930785769414532
397,JULIO SALAS GUTIERREZ,AD,RD,8,4457,0.010237880848248742
398,VICTOR ENRIQUE ORELLANA PARRA,AD,FREVS,8,2558,0.0058758131500606416
399,SEBASTIAN ANTONIO ABARCA MARIÑO,IU,CU,8,4526,0.010396376199051784
400,NATALIA FERNANDA LEIVA CEPEDA,IU,CU,8,4850,0.011140615237605204
401,ALEJANDRA SOLANGE NAVARRETE CARRASCO,PRO,PRO,8,2817,0.006470744974089455
402,MAURICIO ANTONIO SANTANDER VIDELA,PRO,PRO,8,953,0.0021890734683376826
403,SEBASTIAN GONZALO DUARTE VERGARA,PRO,PRO,8,930,0.002136241684736668
404,BERTA DEL CARMEN MONTECINOS DURAN,PRO,PRO,8,883,0.00202828108346503
405,JORGE ACOSTA ACOSTA,ChP+,UDI,9,6724,0.020144643574026472
406,MAGDALENA VERGARA VIAL,ChP+,UDI,9,4991,0.014952694241220423
407,DINO PAOLO CAVALETTO FLORES,ChP+,UDI,9,2242,0.006716878479025483
408,JORGE DURAN ESPINOZA,ChP+,RN,9,21872,0.06552701431456083
409,ERIKA ALEJANDRA OLIVERA DE LA FUENTE,ChP+,RN,9,13801,0.04134685097637408
410,EDDY ROLDAN CABRERA,ChP+,RN,9,3650,0.010935150066210087
411,PAOLA WALKER RODRIGUEZ,ChP+,PRI,9,2244,0.006722870342075461
412,CESAR CASTILLO MALDONADO,ChP+,PRI,9,1590,0.004763531124732613
413,PATRICIO ISMAEL ROMO VARGAS,PDG,PDG,9,4405,0.013197078367576831
414,MARIA FERNANDA OLGUIN LUENGO,PDG,PDG,9,6434,0.019275823431779644
415,ENGEL ANDREA ZUÑIGA ORELLANA,PDG,PDG,9,2225,0.006665947643100669
416,CESAR ABRAHAM SUAY JEREZ,PDG,PDG,9,2178,0.006525138861426184
417,VICTORIA HAYDEE SOTO LOPEZ,PDG,PDG,9,3656,0.01095312565536002
418,RODRIGO ANDRES MORENO MIRANDA,PDG,PDG,9,4464,0.013373838327551185
419,JONATHAN ARTURO RIOS PUEBLA,PTR,PTR,9,1326,0.0039726052021355
420,LUNA JORAM PEÑALOZA AGUIRRE,PTR,PTR,9,1019,0.0030528542239638573
421,VIVIANA ANDREA GONZALEZ NAVARRO,PTR,PTR,9,1390,0.0041643448197348
422,NATALIA CASTILLO MUÑOZ,NPS,PL,9,4126,0.012361213472104882
423,MARGARITA ERNESTINA GUERRERO ZAMORA,NPS,PL,9,1368,0.0040984343261850405
424,MILLARAI ABELLEIRA PERALTA,NPS,PPD,9,1611,0.004826445686757383
425,ALVARO ERAZO LATORRE,NPS,PS,9,5720,0.01713672832293745
426,ERIKA MONTECINOS URREA,NPS,PS,9,1716,0.005141018496881236
427,RODRIGO ALBORNOZ POLLMANN,NPS,PDC,9,3574,0.010707459270310919
428,MARCELA PAZ CANALES HIPP,NPS,PDC,9,2300,0.006890642507474849
429,ANDRES SEPULVEDA ROJAS,PEV,PEV,9,4947,0.014820873254120903
430,ELIZABETH ÑANCO LINCOPI,PEV,PEV,9,9201,0.027565565961424385
431,ROBINSON PIÑEDA VASQUEZ,PEV,PEV,9,2494,0.007471853223322728
432,VIVIANA MONTECINOS SUAZO,PEV,PEV,9,5250,0.01572864050619259
433,ELADIO ROJAS VERGARA,PEV,PEV,9,2040,0.006111700310977693
434,ALEJANDRO ESTEBAN OVALLE CONTRERAS,UPA,UPA,9,1384,0.004146369230584866
435,JOSEFA MICHELLE JIMENEZ AROS,UPA,UPA,9,806,0.0024147208091411863
436,JESUS FERNANDO GOMEZ ORELLANA,UPA,UPA,9,827,0.0024776353711659566
437,ANA MARIA ARIAS AGURTO,UPA,UPA,9,874,0.0026184441528404427
438,ISIDRO ALFONSO CONSTANZO SAEZ,UPA,UPA,9,410,0.0012283319252455165
439,ANA MARIA MOLINA VILLARREAL,UPA,UPA,9,721,0.002160066629517116
440,PABLO MALTES BISKUPOVIC,DA,PH,9,16153,0.04839328192314837
441,CRISTIAN MIGUEL INOSTROZA SUAREZ,DA,PH,9,743,0.0022259771230668753
442,ALFONSO ERNESTO BARRIL AGUERO,DA,PH,9,807,0.0024177167406661754
443,HECTOR ARMANDO ANABALON ZURITA,DA,PH,9,658,0.0019713229434428045
444,JESSICA DEL CARMEN CAYUPI LLANCALEO,DA,PI,9,5046,0.015117470475094822
445,ARIEL VLADIMIR ENCINA CRUZ,DA,PI,9,520,0.0015578843929943138
446,OSCAR ARIEL SILVA QUIROZ,DA,PI,9,474,0.0014200715428448168
447,CHRISTIAN CAMUS ACEVEDO,DA,PI,9,428,0.0012822586926953198
448,JOSE CARLOS MEZA PEREIRA,FSC,PLR,9,14747,0.04418100219901374
449,MARIA VERONICA CHELITA WELKNER BALLAS,FSC,PLR,9,4845,0.01451528823857202
450,ANGEL CUSTODIO JADUE PICHARA,FSC,PLR,9,3442,0.010311996309012361
451,MARGARITA DEL ROSARIO GARRIDO ACEVEDO,FSC,PLR,9,5046,0.015117470475094822
452,FRANCISCO JAVIER VALENCIA MUÑOZ,FSC,PLR,9,2109,0.006318419586201938
453,MARITZA VENEGAS ARROYO,FSC,PLR,9,1377,0.004125397709909943
454,MACARENA KINAST CASANOVA,FSC,PLR,9,1741,0.005215916785005962
455,DANIEL BUSTOS AGUAYO,FSC,PLR,9,2438,0.00730408105792334
456,KAROL AIDA CARIOLA OLIVA,AD,PC,9,78837,0.2361902536355629
457,BORIS ANTHONY BARRERA MORENO,AD,PC,9,7797,0.023359278100339737
458,MAITE ORSINI PASCAL,AD,RD,9,19135,0.05732714973066576
459,ANDRES GIORDANO SALAZAR,AD,RD,9,2858,0.008562372298418747
460,JUAN PABLO SANHUEZA TORTELLA,AD,COM,9,2283,0.006839711671550035
461,VARINIA LIDIA DIAZ CORTES,AD,COM,9,3780,0.011324621164458665
462,RODRIGO TOMAS MALLEA CARDEMIL,AD,CS,9,5871,0.0175891139832108
463,CARLOS ROBERTO MUÑOZ REYES,AD,CS,9,1556,0.004661669452882985
464,CARLOS RICHARD CASTRO FUENTEALBA,IU,CU,9,12624,0.03782063957146196
465,DANIEL IBAÑEZ CASTRO,PRO,PRO,9,2272,0.006806756424775156
466,EVELYN CAROLINA FARIAS AILIO,PRO,PRO,9,1903,0.00570125769205419
467,IGNACIO BUSTOS SAEZ,PRO,PRO,9,716,0.0021450869718921705
468,JORGE ALESSANDRI VERGARA,ChP+,UDI,10,49478,0.1082825966113268
469,CARLOS CISTERNA PARRA,ChP+,UDI,10,1686,0.003689810782301164
470,PABLO KAST SOMMERHOFF,ChP+,EVO,10,15666,0.0342850389771827
471,HECTOR RODRIGUEZ MENDOZA,ChP+,EVO,10,2452,0.005366201683394101
472,SAVKA POLLAK TOMASEVICH,ChP+,EVO,10,8209,0.01796539544004167
473,SEBASTIAN TORREALBA ALVARADO,ChP+,RN,10,12904,0.02824040233381626
474,ALAN VALDO ROLDAN CABRERA,ChP+,RN,10,1726,0.003777350777136304
475,MARIA LUISA CORDERO VELASQUEZ,ChP+,RN,10,20617,0.045120301837902194
476,AXEL PATRICIO GONZALEZ VALDEBENITO,PDG,PDG,10,2661,0.005823598156407709
477,DANIELA PAZ MOSCOSO OYARZUN,PDG,PDG,10,3545,0.0077582320422643096
478,JANNIER ESTRELLA GILBERTO VERGARA,PDG,PDG,10,892,0.0019521418848236288
479,MARIO ISAIAS SADOVNIK ENGEL,PDG,PDG,10,1364,0.0029851138238782843
480,SILVIA FABIOLA PEREIRA FOSTER,PDG,PDG,10,1944,0.004254443748987819
481,HECTOR ORLANDO MONTECINOS SANDOVAL,PDG,PDG,10,1361,0.0029785483242656488
482,CRISTIAN IGNACIO SEPULVEDA MUÑOZ,PDG,PDG,10,1696,0.003711695781009949
483,JENNIFFER LILIANA ISLA PIZARRO,PDG,PDG,10,2227,0.004873789212446436
484,JORGE HUMBERTO ROJAS VALLEJOS,PDG,PDG,10,2982,0.006526106614959709
485,CLAUDIA ANDREA TASSARA RUILOVA,PTR,PTR,10,1331,0.0029128933281392937
486,DAUNO TOTORO NAVARRO,PTR,PTR,10,1971,0.004313533245501539
487,YAMILA DE LOURDES MARTINEZ URRUTIA,PTR,PTR,10,457,0.001000144440991478
488,YURI ERNESTO PEÑA JIMENEZ,PTR,PTR,10,455,0.000995767441249721
489,ALEJANDRA PAZ DECAP CONTRERAS,PTR,PTR,10,545,0.0011927324296287867
490,ELIAS IGNACIO MUÑOZ PARRA,PTR,PTR,10,410,0.0008972849470601881
491,MARIA VICTORIA TORRES SANDOVAL,PTR,PTR,10,697,0.0015253844100023197
492,GABRIELA CARRERA VALDES,NPS,PS,10,4851,0.01061641287363164
493,CRISTIAN ARANGUIZ SALAZAR,NPS,PS,10,2082,0.004556456731169053
494,CLAUDIO EUGENIO ARRIAGADA MACAYA,NPS,PL,10,5964,0.013052213229919419
495,MARIA JOSE CUMPLIDO BAEZA,NPS,PL,10,4513,0.009876699917274705
496,JACQUELINE SAINTARD VERA,NPS,PDC,10,6357,0.013912293679174672
497,ROSA DEL CARMEN VALENZUELA CHAMORRO,NPS,PDC,10,3112,0.006810611598173916
498,MIRIAM ANA JOSEFINA SEÑORET SOTO,NPS,PR,10,927,0.0020287393803043764
499,YOLANDA PIZARRO CARMONA,NPS,PPD,10,1341,0.002934778326848079
500,HELIA MOLINA MILMAN,NPS,PPD,10,18993,0.04156617804759549
501,KARLA PINTO TIMMERMANN,PEV,PEV,10,13174,0.028831297298953458
502,GIOVANKA LUENGO FIGUEROA,PEV,PEV,10,6078,0.013301702215199569
503,FERNANDO NEIRA PEZOA,PEV,PEV,10,3798,0.008311922509596573
504,JOSE MADARIAGA LABRA,PEV,PEV,10,2137,0.004676824224067371
505,NORMAN ROMO GROGG,PEV,PEV,10,2009,0.004396696240594922
506,GASPAR MATEO ORTIZ CARDENAS,UPA,UPA,10,1107,0.0024226693570625077
507,NANCY CRISTINA NICUL LINCOLEO,UPA,UPA,10,1141,0.002497078352672377
508,RODRIGO ANTONIO MAUREIRA VASQUEZ,UPA,UPA,10,767,0.0016785794009638152
509,TATIANA ROSA MARIN OLIVA,UPA,UPA,10,688,0.0015056879111644131
510,TOMAS ALEJANDRO JIMENEZ BURNAS,UPA,UPA,10,374,0.0008184989517085619
511,MARIA ANGELICA CORNEJO ZUÑIGA,UPA,UPA,10,583,0.00127589542472217
512,HELMUT KRAMER ANGEL,DA,PH,10,1438,0.003147062814323294
513,PAULINA TERESA BRAVO GUZMAN,DA,PH,10,2073,0.004536760232331146
514,ALFREDO ANTONIO BRUNA ORELLANA,DA,PH,10,514,0.0011248889336315528
515,ISABEL DEL CARMEN CAYUL PIÑA,DA,PH,10,2319,0.005075131200567259
516,MARCELA PAT GONZALEZ PAREDES,DA,PI,10,1302,0.002849426831883817
517,ROBERTO CAMPOS WEISS,DA,PI,10,2135,0.004672447224325613
518,SEBASTIAN MILOS MONTES,DA,PI,10,924,0.002022173880691741
519,JUAN EGOR PLAZA AGUILAR,DA,PI,10,269,0.0005887064652663186
520,JOSE OSORIO CUBILLOS,DA,PI,10,857,0.001875544389342881
521,JOHANNES KAISER BARENTS-VON HOHENHAGEN,FSC,PLR,10,26709,0.05845264305129406
522,MARIA PIA MARINOVIC MERINO,FSC,PLR,10,13130,0.028735003304634806
523,CAROLINA ANGELA GARATE VERGARA,FSC,PLR,10,4626,0.010124000402683976
524,SONJA DEL RIO BECKER,FSC,PLR,10,1537,0.003363724301540266
525,RICARDO ALEJANDRO DELGADO GAETE,FSC,PLR,10,2049,0.004484236235430062
526,CAMILO ANTONIO CAMMAS BRANGIER,FSC,PLR,10,1568,0.0034315677975375
527,CARLOS ROBERTO TRAUB GAINSBORG,FSC,PLR,10,941,0.0020593783784966756
528,JOSE VALLEJO KNOCKAERT,FSC,PLR,10,1618,0.0035409927910814254
529,LESLIE TAMARA MIRANDA RAMOS,FSC,PLR,10,1404,0.0030726538187134246
530,GONZALO WINTER ETCHEBERRY,AD,CS,10,66794,0.14617866037545904
531,LORENA FRIES MONLEON,AD,CS,10,11519,0.02520933001264953
532,EMILIA SCHNEIDER VIDELA,AD,COM,10,26180,0.057294926619599326
533,RENE LUIS NARANJO SOTOMAYOR,AD,COM,10,9333,0.02042526929490911
534,MAIDY LEDY VELASQUEZ VERA,AD,FREVS,10,1904,0.004166903754152678
535,MANUEL ANDRES AHUMADA LETELIER,AD,PC,10,7673,0.01679235950925079
536,ALEJANDRA FRANCISCA PLACENCIA CABELLO,AD,PC,10,18048,0.0394980456696153
537,RAMON FERNANDO GRIFFERO SANCHEZ,AD,RD,10,3179,0.006957241089522776
538,NICOLE MARTINEZ ARANDA,AD,RD,10,12920,0.02827541833175032
539,ALEJANDRA HERRERA ANDREUCCI,IU,CU,10,5334,0.01167345831126596
540,RICARDO GARCIA-HUIDOBRO ANDAI,IU,CU,10,1625,0.003556312290177575
541,LISIT SDELONA FERNANDEZ MENAY,IU,CU,10,841,0.001840528391408825
542,PAOLA MARGARITA BERNALES PANTOJA,IU,CU,10,1704,0.003729203779976977
543,GONZALO ANDRES CARRASCO CURILEM,IU,CU,10,2158,0.00472278272135582
544,RODRIGO ANDRES CABEZAS VENEGAS,IU,CU,10,800,0.0017507998967028061
545,ORIELE MARIA EUGENIA NUÑEZ SERRANO,PRO,PRO,10,1568,0.0034315677975375
546,ANDREA DEL CARMEN DUARTE VIDAL,PRO,PRO,10,1390,0.0030420148205211254
547,RAUL ALBERTO VILLAVICENCIO MARABOLI,PRO,PRO,10,552,0.0012080519287249363
548,LUIS ALBERTO CASTRO BENAVIDES,PRO,PRO,10,727,0.001591039406128675
549,GUILLERMO RAMIREZ DIEZ,ChP+,UDI,11,40442,0.09790379080030696
550,FRANCISCA VALDES VIGIL,ChP+,UDI,11,11746,0.028435238779991236
551,GONZALO GUILLERMO FUENZALIDA FIGUEROA,ChP+,RN,11,23481,0.05684384827115394
552,CATALINA DEL REAL MIHOVILOVIC,ChP+,RN,11,28353,0.06863820237775341
553,KARIN CLAUDIA LUCK URBAN,ChP+,RN,11,5511,0.013341273703093112
554,LUZ POBLETE CODDOU,ChP+,EVO,11,16534,0.040026241953718296
555,FRANCISCO UNDURRAGA GAZITUA,ChP+,EVO,11,43625,0.10560933864950772
556,ELIZABETH RODRIGUEZ SIERRA,PDG,PDG,11,4318,0.010453206287417176
557,DAVID RODRIGO ELGUETA ALVAREZ,PDG,PDG,11,1439,0.0034835951476594068
558,HEERMAN PAULO VARGAS HOGER,PDG,PDG,11,1029,0.002491048927686956
559,LORENA DEL CARMEN LLAMIN MILLALEN,PDG,PDG,11,3120,0.007553034649546455
560,ANGEL RODRIGO ROZAS DIAZ,PDG,PDG,11,1139,0.0027573418159722476
561,YERKO HERNAN SEPULVEDA POBLETE,PDG,PDG,11,1166,0.002822704615824092
562,IGNACIA GOMEZ MARTINEZ,NPS,CIU,11,4948,0.011978338283960211
563,DARKO ALEXANDAR PERIC VON BERGEN,NPS,CIU,11,2706,0.0065508050518181754
564,NICOLAS PREUSS HERRERA,NPS,PDC,11,12504,0.030270238864720793
565,IRENE VALENTINA ESPINOZA TAPIA,NPS,PDC,11,2717,0.0065774343406467045
566,LILIANA MUÑOZ HERNANDEZ,NPS,PL,11,1957,0.004737592567039235
567,ABRAHAM ALBERT COHEN BENADAVA,NPS,PPD,11,1158,0.002803337860312434
568,GRACIELA AIDA DIAZ MERUBIA,NPS,PPD,11,1778,0.004304261412465897
569,JAVIER WILDEN ACOSTA,PEV,PEV,11,16185,0.03918136724452224
570,CATALINA VALESKA VALENZUELA MAUREIRA,DA,PH,11,3246,0.007858061048855062
571,NELSON NICOLAS PEÑA GALLARDO,DA,PH,11,1044,0.0025273615942713137
572,SUSANA CORDOVA RODRIGUEZ,DA,PH,11,1611,0.0038999803911600444
573,RENE OMAR ACUÑA BARRERA,DA,PH,11,967,0.0023409565724716096
574,FERNANDO ENRIQUE MARTINEZ VERGARA,DA,PI,11,1004,0.002430527816713026
575,ALICIA KAROLINA CARIQUEO NARANJO,DA,PI,11,2476,0.00599401083085802
576,JACQUELINE ALEJANDRA COZZA VIOT,DA,PI,11,1044,0.0025273615942713137
577,CHRISTEL FELMER VALDIVIELSO,FSC,PLR,11,10988,0.02660023869526168
578,GONZALO ARMANDO DE LA CARRERA CORREA,FSC,PLR,11,46069,0.11152588245831911
579,CRISTIAN ARAYA LERDO DE TEJADA,FSC,PLR,11,16706,0.04044262719721893
580,MARTIN CARVAJAL MASJUAN,FSC,PLR,11,4232,0.010245013665666857
581,CHRISTIAN OSCAR SLATER ESCANILLA,FSC,PLR,11,3718,0.009000699624042858
582,GABRIEL DOMINGUEZ VALDES,FSC,PLR,11,2854,0.0069090900287838404
583,PILAR GINESTA BASCUÑAN,FSC,PLR,11,3419,0.008276867136794657
584,TOMAS HIRSCH GOLDSCHMIDT,AD,COM,11,28542,0.06909574197671632
585,MARCELA CUBILLOS HEVIA,AD,COM,11,11114,0.026905265094570287
586,MIGUEL CONCHA MANSO,AD,RD,11,16704,0.04043778550834102
587,DANIELA FRANCISCA LAVARELLO RAMIREZ,AD,RD,11,5485,0.013278331747680226
588,GRACE EUGENIA SCHMIDT MONJE,AD,CS,11,9776,0.023666175235245557
589,CRISTOBAL ANDRES RODRIGUEZ OLIVARES,AD,CS,11,2717,0.0065774343406467045
590,ESTEBAN MAURICIO CHAVEZ RIVERA,AD,PC,11,3817,0.009240363223499621
591,MATIAS ANDRES ROSENDE BRICEÑO,IU,CU,11,2698,0.006531438296306518
592,CLAUDIA ANDREA TORRES NAVARRO,IU,CU,11,3166,0.007664393493738486
593,MARIA LORETO ALLUE PRIETO,IU,CU,11,1148,0.002779129415922862
594,HARLET HEISLEBEN PROBST CAMPODONICO,PRO,PRO,11,1308,0.0031664645261560136
595,HUGO MARCELO ALVAREZ VILLAGRA,PRO,PRO,11,1370,0.00331655688137136
596,XIMENA OSSANDON IRARRAZABAL,ChP+,RN,12,40931,0.1043990379097237
597,CLAUDIA DEL PILAR FAUNDEZ FUENTES,ChP+,RN,12,3547,0.009047015403136741
598,LUIS ALBERTO TAPIA BASTIAS,ChP+,RN,12,2262,0.005769480925259461
599,HILDA FABIOLA PINO BASTIAS,ChP+,EVO,12,1540,0.003927940152475495
600,ALVARO CARTER FERNANDEZ,ChP+,UDI,12,31096,0.07931378375414155
601,EULOGIA LAVIN INFANTE,ChP+,UDI,12,1583,0.004037616403486174
602,CAMILA ALEJANDRA MEDINA GAETE,ChP+,UDI,12,2637,0.00672595985849213
603,FRANCIA NICOLE MUÑOZ DONOSO,ChP+,UDI,12,1091,0.0027827160430849126
604,ALEJANDRA PAMELA JARA QUIROZ,PDG,PDG,12,6695,0.017076337221313923
605,SEBASTIAN NOE GONZALEZ DONOSO,PDG,PDG,12,3044,0.007764058327360654
606,PABLO ANDRES SOTO ZUÑIGA,PDG,PDG,12,2991,0.00762887597146377
607,LESLIE JUDITH LEIVA HENRIQUEZ,PDG,PDG,12,3013,0.007684989402213419
608,JAIME FELIPE RETAMALES GUZMAN,PDG,PDG,12,2189,0.005583286359590168
609,GLORIA EVELYN HERRERA PEREZ,PDG,PDG,12,2824,0.007202924019864155
610,SERGIO ANTONIO PALMA BRIONES,PDG,PDG,12,2281,0.0058179425245432495
611,JOSEFFE TAMARA CACERES TORRES,PTR,PTR,12,1075,0.002741906275266985
612,CAMILA CRISTINA MEZA HERRERA,PTR,PTR,12,842,0.00214761403141842
613,JOHANNA DE LAS NIEVES PACHECO CURINAO,PTR,PTR,12,899,0.0022929988292697857
614,MARIA ISABEL MARGARITA MARTINEZ LIZAMA,PTR,PTR,12,592,0.0015099614092633073
615,RODRIGO ANDRES LOPEZ JARA,PTR,PTR,12,529,0.0013492729484802187
616,MATIAS ANTONIO MORALES PRADO,PTR,PTR,12,810,0.0020659944957825654
617,JULIO ENRIQUE HERNANDEZ PRADO,PTR,PTR,12,506,0.0012906089072419484
618,CAMILO ANDRE BASTIAS FLORES,NPS,CIU,12,1469,0.003746846807783443
619,VALESKA ALEJANDRA CONCHA CISTERNA,NPS,CIU,12,975,0.00248684522640494
620,JAIME COLOMA TIRAPEGUI,NPS,PL,12,2772,0.007070292274455891
621,FLOR DEL CARMEN ALEÑIR MILLANAO,NPS,PR,12,1512,0.0038565230587941225
622,CAROLA PIA NARANJO INOSTROZA,NPS,PDC,12,3288,0.008386407286584043
623,PAZ ANDREA SUAREZ BRIONES,NPS,PPD,12,1313,0.0033489515715586526
624,RODRIGO ANGULO SANTANDER,NPS,PS,12,2517,0.006419886599857676
625,ROMANINA MORALES BALTRA,NPS,PS,12,2368,0.006039845637053229
626,ROCIO MIRANDA CASTILLO,PEV,PEV,12,7731,0.019718769687524708
627,ALLYSON RICHASSE RUBIO,PEV,PEV,12,2752,0.007019280064683482
628,REBECA TALA ARNECHINO,PEV,PEV,12,2212,0.005641950400828438
629,XIMENA SALINAS GONZALEZ,PEV,PEV,12,5134,0.013094834248577396
630,MONSERRAT CANDIA ROCHA,PEV,PEV,12,3483,0.008883776331865031
631,RUBEN ROSALES SEPULVEDA,PEV,PEV,12,2258,0.005759278483304979
632,RONALD VARGAS DIAZ,PEV,PEV,12,1282,0.0032698826464114187
633,SARA AIDA MIRANDA SILVA,UPA,UPA,12,1061,0.002706197728426299
634,CESAR ANDRES RETAMAL MONSALVES,UPA,UPA,12,480,0.0012242930345378166
635,JUANA ESTEFANIA LINCOLAO LINCHEO,UPA,UPA,12,924,0.002356764091485297
636,LUIS EDUARDO ARRIAZA VILLALON,UPA,UPA,12,592,0.0015099614092633073
637,PAULA IGNACIA CEA FUENTES,UPA,UPA,12,526,0.0013416211170143575
638,ALEJANDRO ALBERCIO JELDRES MORALES,UPA,UPA,12,368,0.0009386246598123261
639,JORGE MANUEL PALMA ACUÑA,UPA,UPA,12,644,0.0016425931546715706
640,PAMELA JILES MORENO,DA,PH,12,77593,0.19790951964352668
641,BARBARA BUSTOS OSORIO,DA,PH,12,803,0.0020481402223622223
642,HERNAN PALMA PEREZ,DA,PH,12,940,0.002397573859303224
643,MONICA TAMARA ARCE CASTRO,DA,PH,12,981,0.0025021488893366625
644,MATIAS JAIR TOLEDO HERRERA,DA,PI,12,22266,0.05679189313962297
645,FRANCHESCA CAROLINE HERNANDEZ VELIZ,DA,PI,12,503,0.001282957075776087
646,CAMILA VANESSA CARTES CORDERO,DA,PI,12,1207,0.0030785868597648846
647,RICARDO INALEF MORA,DA,PI,12,383,0.0009768838171416328
648,PATRICIO MUÑOZ CARDENAS,FSC,PLR,12,10470,0.026704891815856124
649,GABRIEL ANTONIO GATICA SOTOMAYOR,FSC,PLR,12,5251,0.01339325567574599
650,MARCELA PAZ DIAZ DE VALDES BALBONTIN,FSC,PLR,12,6123,0.015617388021823024
651,FRANCISCA RODRIGUEZ GONZALEZ,FSC,PLR,12,2360,0.006019440753144265
652,CATALINA CHAPPUZEAU LOPEZ,FSC,PLR,12,1932,0.004927779464014712
653,MAXIMILIANO EDUARDO MURATH MANSILLA,FSC,PLR,12,3893,0.009929526632199417
654,CATHERINE EUGENIA CEBULJ NAVARRETE,FSC,PLR,12,893,0.002277695166338063
655,MACARENA ALEJANDRA FERNANDEZ NUÑEZ,FSC,PLR,12,1886,0.004810451381538171
656,MIGUEL CRISPI SERRANO,AD,RD,12,17805,0.045413619749887134
657,DANIELA ANDREA SERRANO SALAZAR,AD,PC,12,14776,0.037687820579855785
658,AMARO JAMIL JESUS LABRA SEPULVEDA,AD,PC,12,8330,0.02124658537020836
659,FERNANDO ANDRES MONSALVE ARIAS,AD,PC,12,3055,0.007792115042735479
660,ANA MARIA GAZMURI VIEIRA,AD,COM,12,28606,0.07296276363747663
661,ALEXANDER OLIVER SALIN ESPINOZA,AD,CS,12,1810,0.004616604984403017
662,CAMILA ARENAS CASTILLO,AD,CS,12,10352,0.026403919778198913
663,CARMINA IVONNE FARAH RODRIGUEZ,IU,CU,12,3105,0.0079196455671665
664,CLAUS HANDWERCK FELIU,IU,CU,12,1900,0.004846159928378857
665,MARIA JOSE TORRES BARRIENTOS,IU,CU,12,2768,0.007060089832501409
666,LUIS ADOLFO JIMENEZ VALDERRAMA,PRO,PRO,12,3434,0.00875879641792263
667,CRISTHIAN MOREIRA BARROS,ChP+,UDI,13,16593,0.0692595699921111
668,LUIS SILVA IRARRAZAVAL,ChP+,UDI,13,8121,0.03389724389236028
669,FABIOLA DEL SOCORRO RODRIGUEZ PARADA,ChP+,UDI,13,4496,0.01876640912942394
670,EDUARDO DURAN SALINAS,ChP+,RN,13,14574,0.06083221678207841
671,CRISTOBAL SAAVEDRA ALARCON,ChP+,RN,13,4768,0.01990174348956703
672,SUSANA SALIME HIPLAN ESTEFFAN,ChP+,RN,13,6519,0.027210458432988142
673,FRANK WINSTON GROBIER MELLA,PDG,PDG,13,3491,0.014571515629630558
674,JEANNETTE IVONNE MEDEL QUILODRAN,PDG,PDG,13,4004,0.016712789625047478
675,RICARDO ALBERTO ALEGRIA ABARCA,PDG,PDG,13,3230,0.01348209552669914
676,DANIELA MARGARITA ESMERALDA RIQUELME PEREZ,PDG,PDG,13,4162,0.01737228531954236
677,TAMARA ALEJANDRA RAMIREZ RAMIREZ,PDG,PDG,13,4963,0.02071567804922843
678,CARLOS SAUL VALENZUELA VILLAR,PDG,PDG,13,1876,0.007830467866280987
679,VALERIA PAZ YAÑEZ ALVAREZ,PTR,PTR,13,2472,0.010318185802476865
680,KEVIN ANDRES BUSTAMANTE ALAMOS,PTR,PTR,13,813,0.0033934810102806195
681,SUELY CILEIDI ARANCIBIA BENICIO,PTR,PTR,13,788,0.003289130425708645
682,CRISTOBAL EDUARDO ESPINOZA TOBAR,PTR,PTR,13,796,0.0033225226127716768
683,ANITA PAZ JARAMILLO GALLARDO,PTR,PTR,13,847,0.0035353978052985054
684,ALVARO ANDRES PEREZ JORQUERA,PTR,PTR,13,675,0.002817465783443319
685,CAMILA BRUNA FAUNDES,NPS,PPD,13,4385,0.018303092533924373
686,NICOLAS EMILIO FREIRE CASTELLO,NPS,PL,13,3070,0.012814251785438503
687,CAROLINA ANDREA FLORES MARIN,NPS,CIU,13,2383,0.009946697721400635
688,DANIEL MELO CONTRERAS,NPS,PS,13,12016,0.05015506496867395
689,LORENZO BASCUÑAN HEVIA,NPS,PDC,13,4718,0.019693042320423078
690,IRMA PEREZ LLANQUIN,PEV,PEV,13,7317,0.030541329092525576
691,WALTER MUÑOZ GUTIERREZ,PEV,PEV,13,2943,0.012284150815812871
692,MARIANA SANDOVAL LLANCAFIL,PEV,PEV,13,8614,0.03595503742011963
693,DANIEL SANCHEZ HUAÑACO,PEV,PEV,13,2520,0.010518538924855056
694,MARCELO OLIVARES FIGUEROA,PEV,PEV,13,2116,0.008832233478171945
695,FACUNDO MIRO TAPIA,PEV,PEV,13,1247,0.005205007158450101
696,JOSUE ALBERT ORMAZABAL MORALES,UPA,UPA,13,1967,0.008210303994122975
697,CHURI MEIRA MARAMBIO,UPA,UPA,13,819,0.0034185251505778934
698,MARIA VALENTINA COFRE REYES,UPA,UPA,13,1449,0.006048159881791658
699,VERONICA MOLINA RETAMAL,DA,PI,13,3194,0.013331830684915497
700,JULIO OLIVA GARCIA,DA,PI,13,1931,0.008060039152339332
701,MIGUEL ANDRES VILLANUEVA GARRIDO,DA,PI,13,1531,0.006390429799187735
702,NICOLAS MARTINEZ BENIMELIS,DA,PI,13,1581,0.006599130968331685
703,LEONEL RUBEN JARAMILLO COUMERME,DA,PH,13,846,0.0035312237819156264
704,JUAN EDUARDO BAEZA CARRASCO,DA,PH,13,577,0.002408411491921178
705,GAEL FERNANDA YEOMANS ARAYA,AD,CS,13,31440,0.13123129515771548
706,JAIME ANTONIO FUENTES PURRAN,AD,CS,13,5492,0.022923736418771417
707,ANTONIO IGNACIO SAAVEDRA GUTIERREZ,AD,COM,13,6244,0.02606260200269642
708,LUIS LOBOS MEZA,AD,PC,13,7452,0.03110482224921424
709,LORENA PIZARRO SIERRA,AD,PC,13,20858,0.08706177972009
710,PILAR FARFAN VILLAGRA,AD,FREVS,13,2744,0.01145352016261995
711,MARIA ELENA BALCAZAR QUINTEROS,IU,CU,13,13075,0.054575355731142805
712,JAIME ANTONIO GALAZ GUZMAN,PRO,PRO,13,3860,0.016111730257912904
713,JUAN ANTONIO COLOMA ALAMOS,ChP+,UDI,14,34868,0.10698298053822859
714,SOFIA RENGIFO OTTONE,ChP+,UDI,14,1997,0.006127251695963132
715,MYRTHA GARATE MARTINEZ,ChP+,UDI,14,2757,0.008459105120566027
716,NATALY VALESKA FINLEZ ZARATE,ChP+,UDI,14,2045,0.006274526649095946
717,TOMAS FUENTES BARROS,ChP+,RN,14,8207,0.025180948757520995
718,ALEJANDRA NOVOA SANDOVAL,ChP+,RN,14,8857,0.02717529708119452
719,HENRY CHRISTOPHER BOYS LOEB,ChP+,RN,14,3985,0.012226889338213861
720,GONZALO ENRIQUE WARD GARFIAS,PDG,PDG,14,5229,0.01604376520690597
721,LETICIA DEL CARMEN ZUÑIGA SILVA,PDG,PDG,14,3565,0.010938233498301735
722,FELIPE ANDRES CASTILLO SOTO,PDG,PDG,14,4407,0.013521681634506521
723,MARIA TRINIDAD ARAYA ORTEGA,PDG,PDG,14,4216,0.012935650050165531
724,JUAN ALBERTO MENA JIL,PDG,PDG,14,2116,0.0064923708506049015
725,SANDRA PAZ MARTINEZ RUBIO,PDG,PDG,14,3254,0.00998401453112871
726,RICARDO ELIECER NUÑEZ MARTINEZ,PDG,PDG,14,2244,0.006885104058959073
727,RAUL LEIVA CARVAJAL,NPS,PS,14,40946,0.12563167147867121
728,LEONARDO SOTO FERRADA,NPS,PS,14,20833,0.06392039788783171
729,CAMILA IGNACIA BRICEÑO CARRASCO,NPS,PDC,14,6157,0.018891080967473713
730,RONALD EDUARDO PEREZ CUEVAS,NPS,PDC,14,1030,0.0031602750359749753
731,CLAUDIA CRISTINA ACEVEDO MORALES,NPS,PR,14,1181,0.0036235774927052874
732,JUAN PABLO RIVERA GONZALEZ,NPS,PR,14,1478,0.004534841265214576
733,PATRICIO RUBIO GARCIA,PEV,PEV,14,7233,0.022192494500200968
734,ANDRES BOCAZ CHACON,PEV,PEV,14,4367,0.013398952506895843
735,EDUARDO GARCIA URZUA,PEV,PEV,14,3409,0.010459589900620089
736,FRANCISCO VALDES REYES,DA,PI,14,4218,0.012941786506546064
737,JOSEFA FAUNDEZ ESPINOZA,DA,PI,14,3541,0.010864596021735328
738,ELIZABETH ROJAS HUENUPE,DA,PI,14,2334,0.0071612445960831
739,CAROLINA SANTIS GONZALEZ,DA,PI,14,3827,0.01174210928415168
740,JUAN DOMINGO VILLAVICENCIO PASTEN,DA,PH,14,1071,0.0032860723917759213
741,JAVIER ADRIAN GONZALEZ VERGARA,DA,PH,14,676,0.0020741222566204695
742,EDUARDO ANDRES ALVARADO ESPINA,DA,PH,14,686,0.002104804538523139
743,JUAN IRARRAZAVAL ROSSEL,FSC,PLR,14,13248,0.040647887064656774
744,CRISTOBAL ORREGO SANCHEZ,FSC,PLR,14,9897,0.030366254399072166
745,ANDREA ROSARIO IÑIGUEZ MANSO,FSC,PLR,14,3815,0.011705290545868477
746,TABITA SARAI SILVA LEIVA,FSC,PLR,14,5403,0.01657763691201242
747,PAMELA MARIANA CORDERO AVARIA,FSC,PLR,14,2040,0.006259185508144612
748,HUGO ALEJANDRO VALLEJOS LANDEROS,FSC,PLR,14,1421,0.004359952258369359
749,PATRICIO EDUARDO HASBUN CHARAD,FSC,PLR,14,1812,0.005559629480763743
750,MARISELA SANTIBAÑEZ NOVOA,AD,PC,14,55932,0.17161213913801196
751,CAMILA FERNANDA MUSANTE MULLER,AD,COM,14,12387,0.03800614259283691
752,ALONDRA CATERINA LIBERTAD ARELLANO HERNANDEZ,AD,CS,14,4979,0.015276708159339226
753,ALENA MARIA GUTIERREZ MORENO,AD,CS,14,4065,0.01247234759343522
754,MARCELA SANDOVAL OSORIO,AD,RD,14,4422,0.013567705057360525
755,LUIS EDUARDO HENRIQUEZ FLORES,AD,RD,14,1210,0.0037125561102230296
756,SHIRLEY FABIOLA LEIVA CATALAN,IU,CU,14,3925,0.012042795646797843
757,FELIPE ANDRES CORVALAN DESTEFANI,IU,CU,14,4372,0.013414293647847178
758,DYNKO HANZ KOTHER VALDIVIA,IU,CU,14,689,0.00211400922309394
759,MARCIA DEL CARMEN MILLAQUEO IBARRA,PRO,PRO,14,5570,0.017090031019787004
760,DIEGO IGNACIO SCHALPER SEPULVEDA,ChP+,RN,15,17124,0.08622573579395251
761,JOHANNA MARIECHEN OLIVARES GRIBBELL,ChP+,RN,15,3600,0.018127344595785393
762,IVONNE ULRIKE MANGELSDORFF GALEB,ChP+,RN,15,2324,0.011702208011279237
763,JOSE MIGUEL URRUTIA CELIS,ChP+,UDI,15,5912,0.02976912812507868
764,NATALIA ROMERO TALGUIA,ChP+,UDI,15,10344,0.05208590347189003
765,JUAN MASFERRER VIDAL,ChP+,UDI,15,9539,0.04803242780533246
766,FABRICIO VENEGAS OLIVARES,PDG,PDG,15,3260,0.01641531760618344
767,ALEJANDRA CARREÑO PEREZ,PDG,PDG,15,5641,0.028404541906895946
768,CRISTOPHER SEBASTIAN AHUMADA ESPINOZA,PDG,PDG,15,2545,0.012815025554520507
769,LINDSEY MARISOL PAVEZ TAPIA,PDG,PDG,15,2523,0.012704247337546262
770,EDUARDO RODRIGO GALVEZ CANCINO,PDG,PDG,15,2028,0.010211737455625772
771,NATALIA SANCHEZ ACEITUNO,NPS,PS,15,6680,0.03363629497217956
772,FELIPE LETELIER NORAMBUENA,NPS,PS,15,3652,0.018389184017724516
773,CARLOS ORTEGA AEDO,NPS,PR,15,2708,0.013635791434829679
774,MARIO AUGUSTO OGAZ ORELLANA,NPS,PDC,15,2142,0.010785770034492308
775,MARTA AMERICA GONZALEZ OLEA,NPS,PPD,15,1965,0.009894508925199526
776,RAUL SOTO MARDONES,NPS,PPD,15,55346,0.2786877816662051
777,JORGE BUSTOS MELLADO,PEV,PEV,15,2436,0.012266169843148116
778,CAROLINA FERNANDEZ GONZALEZ,PEV,PEV,15,5538,0.027885898436516527
779,CARLOS MIRANDA MUÑOZ,PEV,PEV,15,1578,0.007945819381152597
780,VICENTE ANDRES ROJAS ARANCIBIA,UPA,UPA,15,1745,0.008786726755457086
781,IGNACIO PATRICIO VIDAL RIVERS,FSC,PLR,15,3179,0.016007452352778267
782,PABLO SANCHEZ MARQUEZ,FSC,PLR,15,2448,0.012326594325134067
783,FUAD HAMED SLEMAN,FSC,PLR,15,5061,0.025484025277574963
784,ALEX ORLANDO BRUCHER HERMOSILLA,FSC,PLR,15,1196,0.006022306704599814
785,FRANCISCA MARIA PRIETO ALCALDE,FSC,PLR,15,1838,0.009255016490848209
786,HUGO BOZA VALDENEGRO,AD,FREVS,15,6152,0.030977617764797703
787,ROBERTO VILLAGRA REYES,AD,FREVS,15,5039,0.02537324706060072
788,MARCELA PATRICIA RIQUELME ALIAGA,AD,CS,15,11548,0.05814849316448047
789,PATRICIA ANDREA TORREALBA PINO,AD,CS,15,2611,0.013147360205443239
790,RAISA TAMARA MARTINEZ MUÑOZ,AD,PC,15,5223,0.026299755784385308
791,YERKO EDVARD SCHEIHING SEPULVEDA,AD,COM,15,663,0.0033384526297238096
792,MERCEDES ELENA ESCALONA PAREDES,IU,CU,15,3148,0.01585135577431456
793,FRANCISCO JAVIER BAEZA LEIVA,PRO,PRO,15,1859,0.009360759334323624
794,CARLA ANDREA MORALES MALDONADO,ChP+,RN,16,16042,0.1262066415438718
795,JUAN DE DIOS VALDIVIESO TAGLE,ChP+,RN,16,7940,0.06246607242602806
796,EDUARDO CORNEJO LAGOS,ChP+,UDI,16,10892,0.08569023436578055
797,JULIO DIEGO IBARRA MALDONADO,ChP+,UDI,16,3318,0.026103580391632377
798,MARIA IGNACIA CASTRO ROJAS,ChP+,UDI,16,3205,0.025214579612773288
799,JOSE ANTONIO CARVALLO CASTRO,PDG,PDG,16,4172,0.03282222344601877
800,CATALINA BEATRIZ DIAZ HENRIQUEZ,PDG,PDG,16,4574,0.035984863384968806
801,COSME MELLADO PINO,NPS,PR,16,13489,0.10612151775248016
802,CAROLINA CUCUMIDES CALDERON,NPS,PS,16,11495,0.0904341942742056
803,BERNARDO CORNEJO CERON,NPS,PDC,16,7095,0.0558182347434092
804,MARIA JOSE DIAZ BECERRA,NPS,PPD,16,4359,0.034293401726077616
805,GONZALO DEL CARMEN RUBIO FUENZALIDA,UPA,UPA,16,2536,0.01995138031138629
806,MATIAS JOSE DEL REAL RICHASSE,FSC,PLR,16,4541,0.03572524368848783
807,FABIOLA TORRES FARIAS,FSC,PLR,16,2325,0.01829138770661401
808,ALEJANDRO ROGERS BOZZOLO,FSC,PLR,16,1250,0.009834079412158069
809,MAURICIO RENE RAMIREZ DONDERS,FSC,PLR,16,788,0.0061994036614244465
810,VALERIA BEATRIZ FANNY ARANCIBIA LUCO,FSC,PLR,16,614,0.004830499807252043
811,FELIX BUGUEÑO SOTELO,AD,FREVS,16,9010,0.07088404440283536
812,XIMENA MARIL PILQUIMAN,AD,FREVS,16,5707,0.04489847296414888
813,RODRIGO IVAN CORDOVA SEGUEL,AD,PC,16,3843,0.03023389374473877
814,IANCU ANDRES CORDESCU DONOSO,AD,PC,16,4750,0.037369501766200665
815,PAOLA MARIA VILLEGAS DELGADO,AD,COM,16,1566,0.012320134687551628
816,MATIAS JESUS SANCHEZ DIAZ,IU,CU,16,1168,0.009188963802720499
817,HUGO DEL CARMEN ARIAS GONZALEZ,IU,CU,16,723,0.005688031531992227
818,ANDREA BERNARDITA FLORES CALDERON,IU,CU,16,775,0.006097129235538003
819,MAURICIO ANDRES VIDAL LEYTON,PRO,PRO,16,932,0.007332289609705056
820,JORGE GUZMAN ZEPEDA,ChP+,EVO,17,12701,0.0525612269390255
821,PABLO IGNACIO VERDUGO VERGARA,ChP+,EVO,17,5272,0.021817399293169233
822,FELIPE DONOSO CASTRO,ChP+,UDI,17,11767,0.04869600483359681
823,MARIA PAZ MUÑOZ SOLIS,ChP+,UDI,17,3071,0.012708883389476995
824,FELIPE VALDOVINOS RODRIGUEZ,ChP+,UDI,17,7220,0.029878911778581537
825,HUGO REY MARTINEZ,ChP+,RN,17,17736,0.07339783646882578
826,YAZNA MARIA BARRERA CESAREO,ChP+,RN,17,2654,0.010983190008359473
827,PABLO SAMUEL PRIETO LORCA,ChP+,RN,17,5730,0.023712765164996152
828,NICOLAS FRANCISCO AGUILERA FERNANDEZ,PDG,PDG,17,7102,0.029390586073613032
829,MADISON WALESKA MIRANDA CEA,PDG,PDG,17,2240,0.009269911687537763
830,PEDRO ALVARO ALONSO HERRERA VERGARA,PDG,PDG,17,3813,0.01577954163597388
831,VIVIANA DE LAS MERCEDES RODRIGUEZ SAAVEDRA,PDG,PDG,17,5473,0.02264920833298847
832,ABRAHAM ELISEO ORTIZ ORELLANA,PDG,PDG,17,2236,0.009253358273810016
833,GERARDO MUÑOZ RIQUELME,NPS,PDC,17,6514,0.026957234255634368
834,MARIA ELENA VILLAGRAN PAREDES,NPS,PDC,17,4913,0.02033173041110403
835,ALEXIS SEPULVEDA SOTO,NPS,PR,17,14043,0.058114897244684285
836,ANGELICA VELASQUEZ PEREZ,NPS,PR,17,1493,0.0061785616738811965
837,CLAUDIO ANDRES REYES GONZALEZ,NPS,CIU,17,3582,0.014823581993196546
838,MAURICIO ANDRES AGUILERA MUÑOZ,NPS,CIU,17,960,0.003972819294659041
839,BORIS DURAN REYES,NPS,PS,17,5027,0.02080350270234479
840,CARLOS SOTO GUTIERREZ,NPS,PS,17,3157,0.013064781784623534
841,PAOLA ROSSANA ESPINOSA CORDERO,DA,PH,17,1852,0.0076642305559464
842,CARLOS ALONSO DIAZ ROJAS,DA,PH,17,1707,0.007064169308315608
843,VICTOR BENEDICTO MIRANDA MARIN,DA,PH,17,738,0.0030541048327691377
844,PAMELA ANDREA HENRIQUEZ ROJAS,DA,PH,17,9269,0.03835839796061943
845,ALVARO EDUARDO SALAS MENA,DA,PI,17,1634,0.0067620695077842425
846,ANDREA VALESKA BERRIOS VALENZUELA,DA,PI,17,1431,0.005921983761101133
847,CARLOS GREZ ROJAS,DA,PI,17,1472,0.00609165625181053
848,BENJAMIN MORENO BASCUR,FSC,PLR,17,16724,0.06920982279570605
849,MARIA FRANCISCA VALENZUELA SERMINI,FSC,PLR,17,3084,0.012762681984092169
850,JUAN CARLOS VIDAURRAZAGA GONZALEZ,FSC,PLR,17,2781,0.01150876089421541
851,ALEJANDRA EVELYN APABLAZA ELIZONDO,FSC,PLR,17,1575,0.006517906655299989
852,ROSANNA MARIA GARCIA CHEVECICH,FSC,PLR,17,3777,0.015630560912424166
853,ELIAS VISTOSO URRUTIA,FSC,PLR,17,4820,0.019946863541933934
854,ROXANA JACQUELINE CEA GOMEZ,FSC,PLR,17,1080,0.004469421706491421
855,JORGE CABEZAS CORTES,FSC,PLR,17,1094,0.004527358654538532
856,ANA VALESKA MUÑOZ MUÑOZ,AD,FREVS,17,5281,0.02185464447405666
857,ALEJANDRA MOLINA TOBAR,AD,FREVS,17,2955,0.01222883439137236
858,ROMY NATHALIE BERNAL DIAZ,AD,FREVS,17,2498,0.01033760687297738
859,MERCEDES BULNES NUÑEZ,AD,RD,17,8441,0.034931841318976004
860,FELIPE IGNACIO VALDES BOBADILLA,AD,RD,17,2591,0.010722473742147475
861,CLAUDIA PAOLA VASQUEZ FUSTER,AD,RD,17,2382,0.009857557874872745
862,ANA CECILIA RETAMAL RAMOS,AD,PC,17,7275,0.030106521217338044
863,JENNY ARACELI IBARRA CONCHA,AD,PC,17,1636,0.006770346214648116
864,FRANCISCO PULGAR CASTILLO,IU,CU,17,23066,0.09545526026104734
865,CARLOS ENRIQUE VEGA RAMOS,IU,CU,17,1695,0.0070145090671323695
866,NATALIA ARACELY NAHUELMAN ESPARZA,IU,CU,17,2743,0.011351503463801822
867,JAVIER ESTEBAN ALVARADO VALDES,IU,CU,17,1337,0.005532978538499102
868,ROLANDO RENTERIA MOLLER,ChP+,UDI,18,7957,0.07260698968884022
869,GUSTAVO BENAVENTE VERGARA,ChP+,UDI,18,8114,0.07403960215348115
870,MARIA ANGELICA CANCINO CISTERNA,ChP+,EVO,18,1276,0.011643398120266447
871,JOHN LEANDRO SANCHO BICHET,ChP+,RN,18,10026,0.09148644949356693
872,PAULA LABRA BESSERER,ChP+,RN,18,13044,0.11902545852723789
873,JORGE ENRIQUE ROJAS CARVAJAL,PDG,PDG,18,5419,0.04944794233050461
874,JONATHAN EDUARDO NORAMBUENA BARROS,NPS,PDC,18,8922,0.08141253764029564
875,CLAUDIA LORETTO ARAVENA LAGOS,NPS,PDC,18,2565,0.02340542020257323
876,JAIME NARANJO ORTIZ,NPS,PS,18,15023,0.13708367551783923
877,FELIPE BARNACHEA VASQUEZ,NPS,PS,18,976,0.00890592207318186
878,MARIA SOLEDAD VILLALON BERRIOS,NPS,PR,18,404,0.003686467743407245
879,IVAN CRUZ APABLAZA MENDEZ,DA,PI,18,1263,0.011524774158226116
880,BARBARA ANDREA CUBILLOS FLORES,DA,PH,18,781,0.0071265626425768775
881,JUAN PABLO ESPINOSA MORALES,DA,PH,18,505,0.004608084679259056
882,ROSA GUILLERMINA CATRILEO ARANEDA,FSC,PLR,18,4748,0.04332512090519208
883,NELSON DAVID ALVAREZ GALLEGUILLOS,FSC,PLR,18,2224,0.020293822429053747
884,MERY PAOLA AGUILA GAJARDO,FSC,PLR,18,1281,0.011689022721051191
885,CONSUELO DE LOS ANGELES VELOSO AVILA,AD,RD,18,8903,0.08123916415731362
886,FRANCISCO JAVIER PINOCHET ROJAS,AD,RD,18,3596,0.03281321288438726
887,PRISCILA VERONICA GONZALEZ CARRILLO,AD,PC,18,4675,0.04265900173373483
888,RODRIGO BRAVO BUSTOS,AD,PC,18,610,0.0055662012957386625
889,RIGOBERTO VALDIVIA ARAVENA,AD,FREVS,18,424,0.0038689661465462176
890,CARLA MANTEROLA ACLE,IU,CU,18,912,0.008321927183137148
891,JORGE EDUARDO MUÑOZ SAAVEDRA,IU,CU,18,4434,0.04045989597591021
892,FRANCISCO JAVIER ANTONIO PEREZ VILLEGAS,IU,CU,18,571,0.005210329409617666
893,ANDREA VALESKA MORALES PENROZ,PRO,PRO,18,937,0.008550050187060863
894,CRISTOBAL MARTINEZ RAMIREZ,ChP+,UDI,19,29939,0.1780896069287142
895,MARTA PILAR BRAVO SALINAS,ChP+,UDI,19,11186,0.06653897401732178
896,NATALY JAZMIN DE LA HOZ MORAGA,ChP+,EVO,19,1907,0.011343628057485487
897,ANGELICA DEL CARMEN CUEVAS PALOMINOS,ChP+,RN,19,2436,0.014490339773484344
898,CAROLINA ANDREA CHAVEZ ECHEVERRIA,ChP+,RN,19,4116,0.024483677548301132
899,FRANK CARLOS SAUERBAUM MUÑOZ,ChP+,RN,19,15609,0.09284881507566384
900,CHRISTIAN ALBERTO ASTUDILLO MUÑOZ,PDG,PDG,19,4544,0.027029599314742553
901,ALEXIS GERMAN ORMEÑO SILVA,PDG,PDG,19,1997,0.011878985438279243
902,CLAUDIA ALEJANDRA TAPIA SAAVEDRA,PDG,PDG,19,5299,0.031520652898067957
903,DANIEL ENRIQUE GODOY LAGOS,PDG,PDG,19,3733,0.02220543447225659
904,CRISTIAN ORTIZ RUBIO,NPS,PR,19,7274,0.04326877319881983
905,CARLOS PARRA MERINO,NPS,PR,19,1387,0.008250452079566003
906,FELIPE CAMAÑO CARDENAS,NPS,PDC,19,8127,0.048342771485676214
907,SILVANA NEIRA LLANOS,NPS,PDC,19,4360,0.025935090891786427
908,PATRICIA RUBIO ESCOBAR,NPS,PPD,19,5375,0.03197273246407157
909,PAULO DE LA FUENTE PAREDES,NPS,PPD,19,4657,0.027701770248405824
910,JULIO BECERRA ESPINOZA,PEV,PEV,19,4175,0.02483463405348815
911,PATRICIO PALMA MOLINA,PEV,PEV,19,1452,0.008637099076805939
912,GRACIELA HUENUMAN LINCOPI,PEV,PEV,19,3525,0.020968164081088796
913,RUDDY FIGUEROA GONZALEZ,PEV,PEV,19,720,0.004282859046350052
914,FRANCISCO GUTIERREZ FIGUEROA,PEV,PEV,19,1243,0.007393880270295993
915,MARIA CONSUELO VILLASEÑOR SOTO,DA,PH,19,8589,0.05109093937375083
916,MONSERRAT ALEJANDRA ARRATIA ZAPATA,DA,PH,19,2210,0.0131459979061578
917,LUIS ALEXIS ORELLANA PEÑA,DA,PI,19,1722,0.010243171219187209
918,SARA CONCHA SMITH,FSC,PCC,19,5303,0.03154444655943656
919,RODRIGO ANDRES CASTRO GALAZ,FSC,PCC,19,2351,0.013984724469401352
920,JOCELYN PAMELA GORETTI NEIRA DIAZ,FSC,PCC,19,1515,0.00901184924336157
921,FREDDY REINALDO BLANC SPERBERG,FSC,PLR,19,5041,0.02998596173979252
922,LILIAN DE LAS MERCEDES DINAMARCA MUÑOZ,FSC,PLR,19,2715,0.01614994765394499
923,SUSANA MABEL YAÑEZ BALAGUE,AD,RD,19,4203,0.02500118968306843
924,JONATHAN STEPHANO CHANDIA ITURRA,AD,RD,19,3719,0.02212215665746645
925,EVELYN LOURDES MONTALBA PALMA,AD,PC,19,3169,0.018850528219282382
926,MARIA VICTORIA NEGRETE MENDEZ,AD,PC,19,1749,0.010403778433425336
927,BORIS LEANDRO MARTINEZ LABRA,PRO,PRO,19,2765,0.01644736842105263
928,SERGIO BOBADILLA MUÑOZ,ChP+,UDI,20,23683,0.06834230308626835
929,MARLENE PEREZ CARTES,ChP+,UDI,20,18510,0.05341451801405341
930,PAZ CHARPENTIER RAJCEVICH,ChP+,UDI,20,14439,0.041666786904641664
931,FRANCESCA MUÑOZ GONZALEZ,ChP+,RN,20,32098,0.09262556451729262
932,LEONIDAS ANDRES ROMERO SAEZ,ChP+,RN,20,11778,0.03398790886923399
933,CLAUDIO FABIAN ETCHEVERS FLORES,ChP+,RN,20,2080,0.006002279712006002
934,FRANCESCA PARODI OPPLIGER,ChP+,EVO,20,9766,0.028181857532428183
935,MARCO LOYOLA QUIROZ,ChP+,EVO,20,3237,0.009341047801809341
936,CRISTIAN EDUARDO PUENTES RIVAS,ChP+,EVO,20,3343,0.009646933210209646
937,ROBERTO ENRIQUE ARROYO MUÑOZ,PDG,PDG,20,9458,0.027293058421227295
938,VERONICA DEL PILAR NUÑEZ BARRA,PDG,PDG,20,6038,0.017423925433217424
939,WALTER ALDO WOJCIECHOWSKI ZARA,PDG,PDG,20,2200,0.006348565080006348
940,PAOLA ANDREA COFRE VILLALOBOS,PDG,PDG,20,6132,0.017695182304817696
941,ANDRES CARRERA OLIVEROS,PDG,PDG,20,4541,0.013104015467413105
942,ROSALET MARYLINA CONSTANZO OTEY,PDG,PDG,20,1659,0.004787395212604788
943,ANTONIO SILVA REYES,PDG,PDG,20,3203,0.009242933614209243
944,JOSEFA SOFIA BONILLA MORENO,PDG,PDG,20,4795,0.013836986163013838
945,MAURICIO AARON BURGOS FERNANDEZ,PDG,PDG,20,3409,0.009837390162609837
946,HUGO CAUTIVO BALTIERRA,NPS,PS,20,5061,0.014604585395414605
947,PATRICIO FIERRO GARCES,NPS,PS,20,5792,0.016714040428816714
948,LEOCAN PORTUS URBINA,NPS,PPD,20,14159,0.04085878771264086
949,NATALIA ARAYA AVILES,NPS,PR,20,2144,0.006186965241606187
950,CAMILA ALONDRA POLIZZI FONCECA,NPS,PR,20,5516,0.015917584082415916
951,ALDO MARDONES ALARCON,NPS,PDC,20,9431,0.027215144213427214
952,ERIC AEDO JELDRES,NPS,PDC,20,10712,0.03091174051683091
953,FELIX GONZALEZ GATICA,PEV,PEV,20,30168,0.08705614151528705
954,ELIZABETH MUJICA ZEPEDA,PEV,PEV,20,4170,0.012033416538012034
955,BRIAN RIVAS TIZNADO,PEV,PEV,20,1819,0.005249109036605249
956,SOFIA DURAN ESCOBAR,PEV,PEV,20,5799,0.016734240408616735
957,DOMINGO TORRES SANCHEZ,PEV,PEV,20,1184,0.0034166822976034166
958,LORETO BUSTOS SALGADO,PEV,PEV,20,3372,0.00973061884080973
959,CRISTHIAN LAGOS PALMA,PEV,PEV,20,1671,0.004822023749404822
960,MARIA JOSE LEIVA JOPIA,PEV,PEV,20,2319,0.006691964736606692
961,GASTON ALFREDO FLORES ORDENES,UPA,UPA,20,2844,0.008206963221608207
962,NATASCHA CAROLINA GOTSCHLICH ENRIQUEZ,UPA,UPA,20,1826,0.005269309016405269
963,HECTOR BERNARDO POBLETE BELTRAN,UPA,UPA,20,1400,0.00403999596000404
964,ROSA ESTER ARIAS SOLIS,UPA,UPA,20,1035,0.002986711299002987
965,IVANNA ALEXANDRA BUSTAMANTE RIVEROS,UPA,UPA,20,802,0.002314340542802314
966,MAURICIO CONCHA ALARCON,DA,PI,20,3107,0.008965905319808965
967,VIVIANA SOLEDAD GONZALEZ HERRERA,DA,PI,20,1919,0.005537680176605538
968,CAROLINA JEANNETTE MONSALVES SANHUEZA,DA,PI,20,1364,0.003936110349603936
969,PAMELA ANDREA HIDALGO PARRA,DA,PI,20,1732,0.004998052144804998
970,CARLOS CONTRERAS PARRA,DA,PI,20,3047,0.008792762635808794
971,IVAN LENIN VALERIA RODRIGUEZ,DA,PH,20,1224,0.003532110753603532
972,RUBEN DARIO MARCOS VELASQUEZ,DA,PH,20,539,0.0015553984446015554
973,PAOLA ANDREA LAPORTE VICTORIANO,DA,PH,20,1447,0.004175624395804175
974,SUSANA HERRERA QUEZADA,AD,FREVS,20,5956,0.01718729709841719
975,MARIO GONZALEZ FIGUEROA,AD,FREVS,20,1866,0.0053847374724053845
976,SINDY SALAZAR PINCHEIRA,AD,CS,20,10044,0.028984085301628985
977,ANIBAL ANDRES NAVARRETE CARRASCO,AD,CS,20,4176,0.01205073080641205
978,MARIA CANDELARIA ACEVEDO SAEZ,AD,PC,20,7016,0.020246151182420246
979,EDUARDO ALFONSO BARRA JOFRE,AD,PC,20,5356,0.015455870258415456
980,PABLO EMILIO BLASET GARRIDO,AD,PC,20,3339,0.009635390364609635
981,FELIPE ALFONSO RODRIGUEZ VASQUEZ,AD,RD,20,2841,0.008198306087408198
982,ALEXANDRA MACHUCA NORAMBUENA,AD,RD,20,7042,0.02032117967882032
983,JUAN PABLO MOYA CACERES,IU,CU,20,2732,0.007883763544807883
984,MARIA ALEJANDRA JARA MARIN,IU,CU,20,2001,0.005774308511405774
985,MACARENA CRISTINA ARIAS HERNANDEZ,IU,CU,20,2775,0.008007849135008007
986,JONNATHAN AGUSTIN REMAGGI SANHUEZA,IU,CU,20,924,0.0026663973336026664
987,CARLA ANDREA GONZALEZ LIAPIZ,IU,CU,20,1311,0.003783167645403783
988,PATRICIO ALEJANDRO TOLEDO LOBOS,IU,CU,20,730,0.0021065693220021064
989,JAIME RODOLFO FICA CARRASCO,IU,CU,20,632,0.0018237696048018237
990,EDILIA ESTER STUARDO BARRIGA,IU,CU,20,893,0.002576940280202577
991,MARGARITA ELENA SANCHEZ BECERRA,IU,CU,20,929,0.002680825890602681
992,JAVIERA HORMAZABAL MARTIN,ChP+,EVO,21,5613,0.028588745823486267
993,MANUEL ANTONIO RIOS SAAVEDRA,ChP+,RN,21,5822,0.02965324749409176
994,JEAN-PAUL SIERRA HIDALGO,ChP+,RN,21,5750,0.029286529215222883
995,TAMARA ROGERS SUFAN,ChP+,UDI,21,3666,0.018672072365740363
996,FLOR WEISSE NOVOA,ChP+,UDI,21,21816,0.11111563849726999
997,NELSON ALEXANDER CARES ORMEÑO,PDG,PDG,21,5191,0.026439369244560345
998,KAREN ANDREA MEDINA VASQUEZ,PDG,PDG,21,10066,0.05126925270964062
999,CRISTIAN BERNARDO ASTORGA CANALES,PDG,PDG,21,4089,0.02082654225409502
1000,CECILIA DEL CARMEN GONZALEZ ANANIAS,PDG,PDG,21,3681,0.01874847200717138
1001,ALEX MARCELO VEGA AGUAYO,PDG,PDG,21,3439,0.01751589112541765
1002,JOANNA PEREZ OLEA,NPS,PDC,21,19549,0.09956910602232907
1003,JUAN DE DIOS PARRA SEPULVEDA,NPS,PS,21,6468,0.03294352538505419
1004,PAULA ANTONIA ACUÑA LEON,NPS,PR,21,2385,0.012147542987531578
1005,RODRIGO DAROCH YAÑEZ,NPS,PPD,21,6515,0.03318291092820471
1006,ANWAR FARRAN VELOSO,NPS,PL,21,10555,0.05375988102029174
1007,JOAQUIN SALDIVIA JARPA,PEV,PEV,21,4159,0.02118307391410643
1008,REINALDO ROZAS SILVA,PEV,PEV,21,2806,0.014291826257028767
1009,PEDRO PABLO VALENZUELA CASTRO,PEV,PEV,21,2646,0.01347689674843126
1010,FRANCISCO SANTANA CARDENAS,PEV,PEV,21,1641,0.008358120772553174
1011,MARCOS RAFAEL PAZ SILVA,UPA,UPA,21,3287,0.01674170809225002
1012,ESTEBAN HERNAN BARAHONA CONTRERAS,FSC,PCC,21,6113,0.031135400537853474
1013,ROBINSON LIZAMA GATICA,FSC,PCC,21,4977,0.025349401026811182
1014,BRIGIDA BEROIZA LEVI,FSC,PCC,21,2039,0.01038525792518947
1015,JORGE ALEJANDRO SEPULVEDA ROSALES,FSC,PCC,21,2479,0.012626314073832613
1016,CRISTOBAL URRUTICOECHEA RIOS,FSC,PLR,21,22814,0.11619876130714693
1017,MARIA SOLANGE ETCHEPARE LACOSTE,FSC,PLR,21,4508,0.02296063890473474
1018,CLARA INES SAGARDIA CABEZAS,AD,CS,21,8996,0.04581941162089479
1019,CRISTIAN ALFREDO RAMIREZ HENRIQUEZ,AD,CS,21,4684,0.023857061364192
1020,ALVARO VALENTIN SANCHEZ ROJAS,AD,PC,21,6506,0.0331370711433461
1021,RICARDO ALFREDO GIERKE CORREA,AD,PC,21,1497,0.0076246842148154186
1022,NADINE SEPULVEDA ARIAS,AD,FREVS,21,1837,0.00935640942058512
1023,HERNAN MAURICIO CORTES BERNAL,AD,FREVS,21,742,0.0037792355961209357
1024,JORGE RATHGEB SCHIFFERLI,ChP+,RN,22,20451,0.18992032094500474
1025,JUAN CARLOS BELTRAN SILVA,ChP+,RN,22,10729,0.099635965156665
1026,MARIA SOLEDAD CASTILLO HENRIQUEZ,ChP+,RN,22,1551,0.014403521479913077
1027,PABLO HERDENER TRUAN,ChP+,UDI,22,3664,0.0340261139280474
1028,KARIN MELLA CANDIA,ChP+,UDI,22,5953,0.05528314852993072
1029,SILVANA ANDREA CARCAMO JEREZ,PDG,PDG,22,3263,0.03030218606638064
1030,MARIA CRISTOBALINA DEL CARMEN SEPULVEDA CHACON,PDG,PDG,22,1220,0.011329655838487399
1031,GUIDO ANTONIO DIAZ VERGARA,PDG,PDG,22,2160,0.020059062796010475
1032,ANDREA PARRA SAUTEREL,NPS,PPD,22,6982,0.0648390631674746
1033,MANUEL PAINIQUEO TRAGNOLAO,NPS,PPD,22,3136,0.029122787466800394
1034,LILIANA MAULEN GONZALEZ,NPS,PS,22,1507,0.013994910941475827
1035,JORGE SAFFIRIO ESPINOZA,NPS,PDC,22,5913,0.054911684404078676
1036,RENATO HAURI GOMEZ,NPS,PDC,22,4959,0.046052265002507385
1037,LUIS FUENTES LOBOS,PEV,PEV,22,2325,0.021591352315150164
1038,EVARISTO RENE CURICAL ÑANCO,DA,PH,22,2889,0.02682899648966401
1039,IVONNE MARIA MARTINEZ MOLINAS,DA,PH,22,904,0.008395089244256236
1040,INGRID CONEJEROS MONTECINO,DA,PH,22,1223,0.011357515647926301
1041,JOSE MILLALEN PAILLAL,DA,PI,22,3291,0.03056221095447707
1042,ESTRELLA CONSTANZA MEZA LAVANDERO,FSC,PCC,22,1774,0.016474433981538233
1043,PATRICIO JAVIER PICHUN CASTILLO,FSC,PCC,22,1126,0.010456715142735091
1044,PATRICK ALAN CASANOVA TOBAR,FSC,PLR,22,3133,0.02909492765736149
1045,GLORIA NAVEILLAN ARRIAGADA,FSC,PLR,22,6257,0.058106275886406274
1046,ENRIQUE ESTAY CUEVAS,FSC,PLR,22,4413,0.040981779684626955
1047,GABRIELA DEL CARMEN ESPAÑA COLLIO,AD,RD,22,1960,0.018201742166750245
1048,MAURICIO ALEJANDRO LEPIN ANIÑIR,AD,RD,22,999,0.009277316543154845
1049,MARCELA GUTIERREZ MELLA,AD,FREVS,22,1665,0.015462194238591407
1050,GERSON CAYUQUEO RIQUELME,AD,FREVS,22,467,0.0043368436693226355
1051,NICOLAS ESTEBAN PINO BARRERA,AD,PC,22,1630,0.015137163128470868
1052,DANIELA NATALY GONZALEZ FARIÑA,IU,CU,22,1463,0.013586300403038577
1053,DORIAN OBRYAN GODOY ACUÑA,PRO,PRO,22,675,0.006268457123753273
1054,ANDRES MOLINA MAGOFKE,ChP+,EVO,23,11392,0.047324495993286836
1055,SEBASTIAN ALVAREZ RAMIREZ,ChP+,EVO,23,5117,0.021256973841085738
1056,LLACOLEN MILLAQUIR PEÑA,ChP+,EVO,23,1898,0.007884646541016364
1057,MIGUEL ALEJANDRO MELLADO SUAZO,ChP+,RN,23,14164,0.058839901795024116
1058,PABLO SANTIAGO ASTETE MERMOUD,ChP+,RN,23,10812,0.04491506765093199
1059,MIGUEL ANGEL BECKER ALVEAR,ChP+,RN,23,16360,0.06796249600159521
1060,HENRY LEAL BIZAMA,ChP+,UDI,23,17973,0.07466319930541997
1061,CLAUDIA ELENA LILLO ECHEVERRIA,ChP+,UDI,23,2122,0.008815184383580992
1062,PABLO ALBERTO DIAZ SALAZAR,PDG,PDG,23,4989,0.020725237931048808
1063,ROBERTO ANDRES MONCADA HERNANDEZ,PDG,PDG,23,4216,0.017514051536841404
1064,YOLANDA MARISEL PEDREROS VENEGAS,PDG,PDG,23,4513,0.018747845015598973
1065,CESAR ANDRES LEVIO MARTINEZ,PDG,PDG,23,2634,0.010942128023728716
1066,CAMILA ANDREA DELGADO TRONCOSO,PTR,PTR,23,2682,0.011141528989992565
1067,HILARIO HUIRILEF BARRA,NPS,PPD,23,6625,0.027521487531208328
1068,PAOLA MONCADA VENEGAS,NPS,PPD,23,4693,0.019495598639088407
1069,MINERVA CASTAÑEDA MELIÑAN,NPS,PS,23,1872,0.007776637684290112
1070,MARCELO GARCIA SOTO,NPS,PDC,23,3633,0.015092160634095072
1071,ANDRES JOUANNET VALDERRAMA,NPS,PR,23,8072,0.03353259582670395
1072,WALESKA LISSETTE MORALES MORALES,NPS,PR,23,740,0.0030740982299010057
1073,JAIME ARAVENA ARAVENA,NPS,PR,23,3417,0.014194856285907753
1074,LORENA JARA JARA,PEV,PEV,23,4157,0.017268954515808756
1075,EDGARDO LOVERA RIQUELME,PEV,PEV,23,1600,0.006646698875461634
1076,MONICA CASTRO CANALES,PEV,PEV,23,2275,0.009450774963547012
1077,IVAN GORKY ROJAS VILLAGRA,PEV,PEV,23,1190,0.00494348228862459
1078,CONSTANZA GONZALEZ GONZALEZ,PEV,PEV,23,1989,0.008262677539558243
1079,HECTOR SANTOS VILLABLANCA,PEV,PEV,23,805,0.003344120371716635
1080,AUCAN HUILCAMAN PAILLAMA,DA,PI,23,6119,0.025419469011843585
1081,LUZ ELIANA ALCA TURRA,DA,PI,23,3124,0.012977679554338841
1082,ANDREA QUIJON GODOY,DA,PH,23,758,0.003148873592249949
1083,LUIS ANTONIO LEVI ANINAO,DA,PH,23,4155,0.017260646142214432
1084,ALEJANDRA AILLAPAN HUIRIQUEO,DA,PH,23,1768,0.007344602257385106
1085,MIGUEL ANGEL CORTES IBARRA,DA,PH,23,2768,0.011498789054548627
1086,KAREN CONA HUENCHULAF,FSC,PCC,23,4747,0.019719924726135235
1087,TAMARA DEL CARMEN AVENDAÑO LEVINAO,FSC,PCC,23,1446,0.006006954108698451
1088,DANILO JOSE CAROCA SALGADO,FSC,PCC,23,1192,0.004951790662218917
1089,ANTONIO STUARDO PINEDA,FSC,PCC,23,1178,0.004893632047058628
1090,NICOLAS RINGLER ARANEDA MORENO,FSC,PCC,23,1247,0.005180270936062911
1091,CESAR AUGUSTO VARGAS ZURITA,FSC,PLR,23,7539,0.031318414263815784
1092,STEPHAN HERBERT SCHUBERT RUBIO,FSC,PLR,23,12788,0.05312374076212711
1093,MAURICIO ANTONIO OJEDA REBOLLEDO,FSC,PLR,23,14901,0.06190153746453363
1094,ERICKA ÑANCO VASQUEZ,AD,RD,23,9715,0.040357924734443607
1095,VERONICA ANDREA LOPEZ-VIDELA PINO,AD,RD,23,5593,0.023234366756535573
1096,LUIS ALEJANDRO CATRILEO GAETE,AD,PC,23,3214,0.013351556366083558
1097,PABLO ANDRES TAPIA PINTO,AD,PC,23,1308,0.005433676330689886
1098,ELENA MARISOL VARELA LOPEZ,AD,PC,23,1499,0.006227126008948119
1099,ONESIMA RIQUELME LIENQUEO,AD,FREVS,23,1127,0.004681768520403288
1100,ARNOLDO ÑANCULEF HUAIQUINAO,AD,FREVS,23,1814,0.007535694850054627
1101,HECTOR CUMILAF HUENTEMIL,AD,FREVS,23,2672,0.011099987122020928
1102,MIGUEL ARTEAGA CARES,IU,PNC,23,2044,0.008491157813402237
1103,JOSE OLAVE MARTINEZ,IU,PNC,23,1182,0.004910248794247282
1104,CAROLINA OLATE SANCHEZ,IU,PNC,23,1585,0.006584386073504181
1105,OMAR ORTIZ CONCHA,IU,PNC,23,532,0.0022100273760909932
1106,LUIS CASADO ZURITA,IU,PNC,23,1793,0.007448456927314193
1107,ADEMAR OCTAVIO MUÑOZ RIFO,IU,CU,23,510,0.002118635266553396
1108,CRISTIAN ALIRO MUÑOZ GARRIDO,IU,CU,23,858,0.003564292271966301
1109,MARCO ANTONIO LOBOS VASQUEZ,PRO,PRO,23,1605,0.006667469809447451
1110,GASTON VON MUHLENBROCK ZAMORA,ChP+,UDI,24,13244,0.09199586004737328
1111,MARIA PAZ LAGOS VALDIVIESO,ChP+,UDI,24,2897,0.020123226106707973
1112,HUGO ORTIZ DE FILIPPI,ChP+,PRI,24,2920,0.020282989379215494
1113,WALESKA FEHRMANN ATERO,ChP+,PRI,24,3893,0.027041670429207503
1114,SOLEDAD ESTELA CUESTA VALLEJOS,ChP+,RN,24,3347,0.023249029264463785
1115,BERNARDO JOSE BERGER FETT,ChP+,RN,24,11195,0.07776303633572515
1116,TABINA GABRIELA MANQUE MANQUE,PDG,PDG,24,3157,0.02192924570896689
1117,EMMA PATRICIA CIFUENTES BARRIENTOS,PDG,PDG,24,2370,0.016462563297513944
1118,DIEGO ALEJANDRO BAEZA SEPULVEDA,PDG,PDG,24,2329,0.016177767898696193
1119,FELIPE EMILIO ARANDA SARAVIA,PDG,PDG,24,1913,0.013288136535081931
1120,JOSE MIGUEL BARRIA VALENZUELA,PDG,PDG,24,1974,0.01371185651868883
1121,MARCOS ILABACA CERDA,NPS,PS,24,35586,0.24718851371532963
1122,ANA MARIA BRAVO CASTRO,NPS,PS,24,1855,0.012885255239193405
1123,CARLOS AMTMANN MOYANO,NPS,PDC,24,3925,0.02726394976487014
1124,MARCELA SUAREZ MUÑOZ,NPS,PDC,24,1585,0.011009773344539916
1125,DANIELA ASENJO GARRIDO,NPS,PPD,24,4024,0.02795162645957642
1126,ORIANA PAREDES PEREZ,NPS,PPD,24,748,0.005195779471114105
1127,LUZ CELENA SOTO VEGA,DA,PH,24,1152,0.00800205608385488
1128,VICTOR BARRA QUIJADA,DA,PH,24,476,0.0033064051179817035
1129,MARIA ANGELICA ALVEAR MONTECINOS,DA,PH,24,662,0.004598403756520772
1130,PABLO ANDRES CABRERA VERGARA,DA,PH,24,285,0.0019796753332453477
1131,TERESA MATILDE ALBERTINA ALMONACID ALMONACID,DA,PH,24,202,0.001403138306370387
1132,MARGARITA MORALES VALERO,DA,PH,24,583,0.004049651646603641
1133,LEANDRO KUNSTMANN COLLADO,FSC,PLR,24,12835,0.08915485228843523
1134,JORGE ENRIQUE DE LA MAZA SCHLEYER,FSC,PLR,24,2275,0.015802671519765495
1135,CATHERINE ALEJANDRA PACHECO ORIAS,FSC,PLR,24,959,0.006661433840639609
1136,CLAUDIA CAROLINA LATORRE ARAVENA,FSC,PLR,24,902,0.00626549877399054
1137,MANUEL JESUS OLIVA PEREZ,FSC,PLR,24,569,0.003952404437251238
1138,MARIO ALONSO HORMAZABAL NOVOA,FSC,PLR,24,337,0.0023408792536971307
1139,NINOSKA DEL PILAR GALLARDO PERALTA,AD,CS,24,4023,0.02794468023033696
1140,PATRICIO EDUARDO ROSAS BARRIENTOS,AD,CS,24,6630,0.0460534998576023
1141,PAOLA VERONICA NAHUELHUAL CATALAN,AD,PC,24,5739,0.039864409605245794
1142,ANGEL ANDRES DELGADO CARDENAS,AD,PC,24,1717,0.011926675604148288
1143,SANDRA ISABEL CHEUQUEPAN QUEZADA,AD,RD,24,1712,0.011891944457951002
1144,VANESSA HUAIQUIMILLA PINOCHET,AD,RD,24,5943,0.041281440370095096
1145,INGRID SCHETTINO PINTO,ChP+,RN,25,9800,0.07116197336508998
1146,EVELYN GUILLERMINA ZOTTELE GARCIA,ChP+,RN,25,2620,0.019024935736381195
1147,CARLOS ALFREDO OYARZUN CONCHA,ChP+,UDI,25,2541,0.018451283093948327
1148,DANIEL LILAYU VIVANCO,ChP+,UDI,25,9004,0.0653818783856398
1149,SORAYA SAID TEUBER,ChP+,UDI,25,5464,0.03967643086396445
1150,CLAUDIO ARIEL DEL RIO MALGARINI,PDG,PDG,25,2881,0.020920167884165734
1151,ENRIQUE JOSE PARRA MENA,PDG,PDG,25,1874,0.01360791204961006
1152,ABIGAIL ALEJANDRA CARCAMO MARTINEZ,PDG,PDG,25,2812,0.02041912950026867
1153,MARIA PAZ GOMEZ ASENJO,PDG,PDG,25,2877,0.020891122180751412
1154,EMILIA NUYADO ANCAPICHUN,NPS,PS,25,15981,0.11604484656607171
1155,CLAUDIA PAILALEF MONTIEL,NPS,PS,25,6498,0.0471847451965668
1156,ROSEMBERG FRANCIS HERNANDEZ BELLO,NPS,PR,25,1270,0.009222010834047374
1157,KARLA BENAVIDES HENRIQUEZ,NPS,PDC,25,7860,0.05707480720914359
1158,HECTOR ALEJANDRO BARRIA ANGULO,NPS,PDC,25,13021,0.09455102603947312
1159,HECTOR OJEDA RUIZ,PEV,PEV,25,6270,0.045529140101950416
1160,MARISOL DEL CARMEN BAÑARES ZUÑIGA,FSC,PLR,25,3026,0.021973074632934922
1161,PAMELA BONGAIN ACEVEDO,FSC,PLR,25,1605,0.011654588494996877
1162,HARRY JURGENSEN RUNDSHAGEN,FSC,PLR,25,22618,0.16423892995628622
1163,SEBASTIAN CRISTI ALFONSO,FSC,PLR,25,740,0.0053734551316496505
1164,NATACHA ODETTE RIVAS MORALES,FSC,PLR,25,583,0.004233411272637495
1165,DANIELA ABIGAIL CARVACHO DIAZ,AD,RD,25,7640,0.05547729352135585
1166,GERMAN RODRIGO CARTES OYARZO,AD,RD,25,2013,0.014617250243257766
1167,NESTOR NICOLAS ABARZUA AVILES,AD,CS,25,2432,0.01765978767590804
1168,ANGELICA GALLEGOS TOLEDO,AD,PC,25,2046,0.014856877296425926
1169,DANITZA SCARLETH ORTIZ VIVEROS,AD,PC,25,1638,0.011894215548165037
1170,JORGE GARCIA MALHERBE,IU,PNC,25,1089,0.007907692754549283
1171,ALBERTO ALEJANDRO LOPEZ ENGEL,IU,CU,25,801,0.0058164021087180676
1172,GERARDO ANDRES DEL LAGO CUVERTINO,IU,CU,25,710,0.0051556123560422325
1173,DANIEL CARDENAS MANSILLA,ChP+,RN,26,4676,0.03305808494994627
1174,MAURO DANIEL GONZALEZ VILLARROEL,ChP+,RN,26,9569,0.06765030258469544
1175,JOSE EULOGIO ABURTO ANCAPAN,ChP+,RN,26,2313,0.016352299078106442
1176,MARCOS EMILFORK KONOW,ChP+,UDI,26,6181,0.04369803744132119
1177,FERNANDO BORQUEZ MONTECINOS,ChP+,UDI,26,7700,0.054436966234941465
1178,ANDRES ALEJANDRO SANTANA RIQUELME,ChP+,UDI,26,5703,0.04031870369323002
1179,XIMENA ALEJANDRA URIBE CANOBRA,PDG,PDG,26,4703,0.0332489678185623
1180,JAVIER ANTONIO OLAVARRIA MORALES,PDG,PDG,26,3579,0.025302584695435778
1181,NATALY JAVIERA OYARZO CARDENAS,PDG,PDG,26,4443,0.03141083649114869
1182,VANESSA NATALIE BARRIA BARRIA,PDG,PDG,26,3030,0.021421299700243198
1183,ALEJANDRO JAVIER BERNALES MALDONADO,NPS,PL,26,9193,0.06499208189582037
1184,CAROLINA CARCAMO HERNANDEZ,NPS,PDC,26,6372,0.04504835699338273
1185,GUILLERMO ROA URZUA,NPS,PPD,26,6442,0.045543238504609465
1186,ALBAN MANCILLA DIAZ,NPS,PS,26,7272,0.05141111928058368
1187,HECTOR DAVID ULLOA AGUILERA,NPS,CIU,26,9176,0.06487189638595102
1188,ALFONSO BELMAR RODRIGUEZ,PEV,PEV,26,3232,0.022849386346926077
1189,CAROL VARAS PANTOJA,PEV,PEV,26,2871,0.02029721169617103
1190,ARIEL MARCHIONI BOWEN,PEV,PEV,26,1034,0.007310106894406425
1191,INGRID JARA ANDRADE,PEV,PEV,26,1344,0.009501725015553419
1192,MARISOL PARANCAN SOTO,PEV,PEV,26,1603,0.011332786607092358
1193,IVAN BUSTAMANTE NAVARRO,FSC,PLR,26,6020,0.04255980996549969
1194,DANIEL PRIETO VIAL,FSC,PLR,26,1895,0.013397149482495334
1195,JAIRO MIGUEL QUINTEROS RODRIGUEZ,FSC,PLR,26,4691,0.03316413098806629
1196,DAVID ALBERTO ZAMBRANO GARAY,FSC,PLR,26,1488,0.010519766981505571
1197,ARTURO BERNARDO GRANDON ARREDONDO,FSC,PLR,26,1003,0.007090945082291726
1198,VERONICA BECERRA VERGARA,FSC,PLR,26,1340,0.009473446072054748
1199,JAIME SALVADOR SAEZ QUIROZ,AD,RD,26,4776,0.033765058537413045
1200,MARIELA CECILIA NUÑEZ AVILA,AD,RD,26,4019,0.028413268480289577
1201,EDUARDO ANTONIO OCAMPO CASTILLO,AD,PC,26,4471,0.031608789095639384
1202,VALESKA FRANCISCA GOMEZ URRUTIA,AD,PC,26,3791,0.026801368700865337
1203,MARIA CRISTINA BUSTOS CONCHA,AD,COM,26,1786,0.012626548272156552
1204,FRANCISCO ALBERTO CHAVEZ CATEPILLAN,AD,CS,26,2577,0.01821870934901872
1205,JOSEFA BELMAR BAHAMONDEZ,IU,PNC,26,838,0.0059244386629715515
1206,DAMARIS SOLANGE JARA NAVARRO,IU,PNC,26,602,0.004255980996549969
1207,ELISA TRIVIÑO MANCILLA,IU,PNC,26,611,0.004319608619421978
1208,ORLANDO CASTILLO VALENCIA,IU,CU,26,596,0.004213562581301963
1209,MARIA NOELIA MUÑOZ PONTE,IU,CU,26,508,0.0035914258243312028
1210,JAIME BRICEÑO SAZO,ChP+,PRI,27,686,0.018842530282637954
1211,MARCIA RAPHAEL MORA,ChP+,RN,27,3902,0.1071771911994946
1212,EUGENIO CANALES CANALES,ChP+,EVO,27,2642,0.0725684621089351
1213,ALEJANDRA VALDEBENITO TORRES,ChP+,UDI,27,3608,0.09910182107836404
1214,JUAN RUBEN CARDENAS ARRIAGADA,PDG,PDG,27,536,0.014722443486142775
1215,NATHALI VALESKA ROA REBOLLEDO,PDG,PDG,27,709,0.019474276924767216
1216,AMERICO EUGENIO AEDO URRA,PDG,PDG,27,156,0.004284890268354987
1217,KARIN PAMELA CONTRERAS MURTSCHWA,PDG,PDG,27,462,0.012689867333205153
1218,MIGUEL ANGEL CALISTO AGUILA,NPS,PDC,27,9738,0.26747603482846705
1219,RODRIGO SALDIVIA VERA,NPS,PS,27,1839,0.0505122641250309
1220,KARINA ALEJANDRA ACEVEDO AUAD,NPS,PR,27,1665,0.045732963441096494
1221,RENE ALINCO BUSTOS,NPS,PPD,27,4798,0.13178784299722582
1222,JUAN ENRIQUE CATALAN JARA,AD,PC,27,2032,0.0558134424698547
1223,ISABEL GARRIDO CASASSA,AD,PC,27,1049,0.02881314033015629
1224,JULIO FRANCISCO ÑANCO ANTILEF,AD,RD,27,1363,0.0374378553574862
1225,MARIANELA PAOLA MOLINA MANSILLA,AD,RD,27,1222,0.03356497376878073
1226,CESAR CIFUENTES MUÑOZ,ChP+,PRI,28,722,0.018670804241013705
1227,PAOLA YAÑEZ RIQUELME,ChP+,PRI,28,778,0.020118955262477374
1228,LIZ NATALIA CASANUEVA MENDEZ,ChP+,UDI,28,1797,0.046470131885182314
1229,CHRISTIAN MATHESON VILLAN,ChP+,EVO,28,7220,0.18670804241013705
1230,KATIA ANDREA TRUJILLO HIDALGO,PDG,PDG,28,1041,0.026920093095422808
1231,JESUS ALIER TORRES ROLDAN,PDG,PDG,28,645,0.016679596586501165
1232,PATRICIA LILIANA VIVAR VIVAR,PDG,PDG,28,592,0.015309025084044478
1233,JOSE FERNANDO OLIVARES OJEDA,PDG,PDG,28,1312,0.0339281096457202
1234,JAIME MAURICIO JELINCIC AGUILAR,NPS,PR,28,3254,0.08414791828290664
1235,CONSTANZA ANDREA VARGAS AGUILA,NPS,PDC,28,718,0.01856736488233773
1236,CHRISTIAN ARIEL GALLARDO CASTRO,NPS,PS,28,930,0.02404965089216447
1237,VANJA ROGOSICH CVITANIC,NPS,PS,28,1238,0.03201448151021464
1238,NIEVES DEL CARMEN RAIN CAYUN,DA,PH,28,685,0.017713990173260925
1239,LUIS RICARDO LEGAZA SOTO,DA,PH,28,2982,0.07711404189294026
1240,DAVID PAILLAN CONEY,FSC,PCC,28,1413,0.036539953452288595
1241,JAVIERA CRISTINA CALVO RIFO,FSC,PCC,28,1209,0.03126454615981381
1242,DAVID NATANAEL ROMO GARRIDO,FSC,PCC,28,435,0.011249030256012413
1243,MAXIMILIANO ULISES CARCAMO GONZALEZ,FSC,PLR,28,2946,0.07618308766485647
1244,JAVIERA IGNACIA MORALES ALVARADO,AD,CS,28,4563,0.11799844840961986
1245,DORIS NELLY SANDOVAL MIRANDA,AD,CS,28,2420,0.0625808119989656
1246,NIKOS SUED ORTEGA CARDENAS,AD,PC,28,493,0.012748900956814068
1247,LUIS MIGUEL BURGOS SANHUEZA,AD,PC,28,1277,0.0330230152573054
